cust_number,invoice_create_date,due_in_date,clear_date,invoice_amount,invoice_id,status
200576926,20200203,20200213,14-02-2020 00:00,44894.85,1930455333,0
200592182,20190726,20190808,01-08-2019 00:00,928.66,1929664394,0
200230690,20190306,20190324,18-03-2019 00:00,1818.92,1928914921,0
200778355,20190912,20191002,02-10-2019 00:00,18087.02,1929868313,0
200769623,20190913,20190928,24-09-2019 00:00,3795.7,1929868054,0
200744019,20190226,20190313,15-03-2019 00:00,14853.79,1928853136,0
200769623,20190827,20190911,12-09-2019 00:00,15766.08,1929796594,0
200231309,20190828,20190912,11-09-2019 00:00,65090.76,1929798287,0
200769623,20190817,20190901,04-09-2019 00:00,9637.03,1929755029,0
200759878,20190216,20190303,05-03-2019 00:00,18654.74,1928805245,0
200744019,20190105,20190120,22-01-2019 00:00,3262.6,1928566808,0
140104409,20191217,20191227,27-12-2019 00:00,190793.68,2960601904,0
200769623,20200103,20200118,14-01-2020 00:00,1414.69,1930353709,0
200772670,20190221,20190427,29-04-2019 00:00,289.05,1928820491,0
200331749,20190212,20190227,27-02-2019 00:00,72644.9,1928789984,0
200759878,20190510,20190525,28-05-2019 00:00,12668.17,1929284898,0
200397176,20190615,20190705,05-07-2019 00:00,15686.58,1929492148,0
200769623,20190925,20191010,07-10-2019 00:00,69626.08,1929914292,0
200790107,20190516,20190531,31-05-2019 00:00,160916.53,1929322866,0
200762301,20191123,20191208,10-12-2019 00:00,796.93,1930188158,0
200782001,20190911,20190926,24-09-2019 00:00,47819.76,1929858926,0
200769623,20190304,20190319,14-03-2019 00:00,49061.88,1928889340,0
200769623,20200226,20200312,09-03-2020 00:00,1898.9,1930565888,0
100052284,20191119,20191204,26-11-2019 00:00,2193.6,1930168978,0
100031704,20190204,20190219,19-02-2019 00:00,58399.36,1928726879,0
200769623,20190511,20190526,22-05-2019 00:00,220.48,1929294340,0
200705742,20190702,20190717,17-07-2019 00:00,1635.18,1929571714,0
200792734,20191107,20191122,21-11-2019 00:00,25744.76,1930122584,0
100032505,20191219,20200103,31-12-2019 00:00,10304.51,1930288011,0
200418007,20191015,20191124,04-11-2019 00:00,146.16,1930013260,0
200705742,20190117,20190201,07-02-2019 00:00,2123.9,1928639023,0
200769623,20190510,20190525,30-05-2019 00:00,8520.67,1929286891,0
200418007,20190507,20190522,22-05-2019 00:00,740.77,1929246108,0
200707822,20191008,20191117,18-11-2019 00:00,4398.41,1929989215,0
200769623,20190322,20190406,08-04-2019 00:00,25908.99,1929006150,0
CCU013,20190501,20190501,31-05-2019 00:00,12553.53,1929245594,0
200783189,20200121,20200205,25-02-2020 00:00,67397.3,1930420849,0
200721330,20190514,20190524,28-05-2019 00:00,19551.16,1929320195,0
CCCA02,20190513,20190617,28-06-2019 00:00,12965.4,1929300707,0
200900212,20190327,20190531,03-04-2019 00:00,358.45,1929037953,0
200769623,20190329,20190413,10-04-2019 00:00,55568.26,1929053809,0
200759878,20190816,20190831,03-09-2019 00:00,31163.43,1929749269,0
200737918,20190322,20190526,24-05-2019 00:00,27308.33,1929007487,0
200779051,20190826,20191030,04-09-2019 00:00,1953.12,1929794539,0
200759878,20190420,20190505,07-05-2019 00:00,13035.02,1929168862,0
200744019,20190424,20190509,10-05-2019 00:00,89157.58,1929207069,0
200915438,20190308,20190323,19-04-2019 00:00,39494,1928887230,0
200762301,20190910,20190925,25-09-2019 00:00,33865.47,1929853693,0
200791792,20190401,20190421,15-04-2019 00:00,77731.13,1929060395,0
200936373,20191203,20191218,19-12-2019 00:00,21508.61,1930214944,0
200785971,20190801,20190816,14-08-2019 00:00,37592.42,1929687268,0
200794332,20190619,20190704,03-07-2019 00:00,14529.71,1929510326,0
200331749,20190615,20190630,02-07-2019 00:00,7289.65,1929492102,0
200749225,20190130,20190214,14-02-2019 00:00,60046.29,1928677078,0
200416837,20200206,20200224,14-02-2020 00:00,633.65,1930490151,0
200769623,20190219,20190306,07-03-2019 00:00,811.16,1928818803,0
200458131,20200124,20200208,10-02-2020 00:00,1850.96,1930410198,0
200700919,20190207,20190222,25-02-2019 00:00,35593.39,1928760688,0
200744019,20190306,20190321,26-03-2019 00:00,7340.85,1928894643,0
200742791,20200129,20200213,13-02-2020 00:00,72626.58,1930447657,0
200726979,20190720,20190804,05-08-2019 00:00,414.38,1929642313,0
200726979,20190613,20190628,28-06-2019 00:00,816.9,1929543413,0
200769623,20190921,20191006,03-10-2019 00:00,32634.54,1929908716,0
200769623,20190412,20190427,23-04-2019 00:00,76635.92,1929135051,0
200794332,20190610,20190625,24-06-2019 00:00,102433,1929458434,0
200769623,20190205,20190220,19-02-2019 00:00,23761.67,1928731731,0
200769623,20190619,20190704,01-07-2019 00:00,13136.97,1929509497,0
200661137,20200120,20200204,30-01-2020 00:00,26734.75,1930411311,0
200782001,20190305,20190320,19-03-2019 00:00,37032.53,1928906577,0
200769623,20200226,20200312,09-03-2020 00:00,2352.97,1930572023,0
200744019,20190810,20190825,26-08-2019 00:00,13374.82,1929731746,0
140106408,20191006,20191017,28-10-2019 00:00,5533.1,2960584230,0
140105686,20200129,20200210,13-02-2020 00:00,4715.65,2960611073,0
200769623,20190413,20190428,30-04-2019 00:00,710.91,1929139459,0
200744019,20190420,20190505,16-05-2019 00:00,15121.76,1929179447,0
200750051,20200218,20200304,04-03-2020 00:00,103864.31,1930541781,0
200793568,20190110,20190125,25-01-2019 00:00,1757.53,1928601646,0
200769623,20190709,20190724,22-07-2019 00:00,32963.62,1929586968,0
200769623,20190613,20190628,24-06-2019 00:00,20972.56,1929479666,0
200744019,20190904,20190919,17-09-2019 00:00,17610,1929827421,0
200706844,20191025,20191109,12-11-2019 00:00,74749.01,1930049834,0
200704045,20191117,20191202,02-12-2019 00:00,101784.05,1930162954,0
200769623,20191123,20191208,04-12-2019 00:00,43618.43,1930184951,0
200803720,20191106,20191124,18-11-2019 00:00,455.04,1930115467,0
100028450,20190801,20190811,15-08-2019 00:00,27571.25,1929664898,0
200418007,20190606,20190621,21-06-2019 00:00,4159.14,1929418999,0
100035584,20190409,20190424,27-04-2019 00:00,275.5,1929077052,0
200769623,20190107,20190122,23-01-2019 00:00,30342.02,1928576546,0
200219770,20190509,20190524,28-05-2019 00:00,50205.26,1929267426,0
200769623,20190316,20190331,26-03-2019 00:00,16483.94,1928976223,0
140142846,20200212,20200412,14-04-2020 00:00,23994.93,1930506674,0
200974851,20200107,20200122,22-01-2020 00:00,3469.76,1930369641,0
200769623,20190418,20190503,30-04-2019 00:00,943.12,1929171970,0
200705089,20200203,20200218,18-02-2020 00:00,23746.98,1930473670,0
100036153,20190710,20190725,26-07-2019 00:00,32076,1929603291,0
200769623,20190827,20190911,09-09-2019 00:00,36158.99,1929801110,0
200748108,20191004,20191019,21-10-2019 00:00,67997.89,1929965484,0
200769623,20190607,20190622,18-06-2019 00:00,64.73,1929444621,0
200769623,20190803,20190818,14-08-2019 00:00,15004.17,1929690637,0
200793568,20190417,20190502,03-05-2019 00:00,104100.27,1929159718,0
100031704,20190308,20190323,25-03-2019 00:00,99246.9,1928921680,0
200704858,20190701,20190716,11-07-2019 00:00,66869.25,1929556318,0
200816950,20190719,20190818,16-08-2019 00:00,47038.9,1990568004,0
200705742,20190325,20190414,09-04-2019 00:00,41479.58,1929023260,0
200744019,20190602,20190617,18-06-2019 00:00,18515.57,1929412545,0
200769623,20190719,20190803,30-07-2019 00:00,1898.2,1929634709,0
200761734,20191027,20191111,12-11-2019 00:00,82038.1,1930052222,0
200739534,20190326,20190410,12-04-2019 00:00,100707.06,1929030368,0
200769623,20190131,20190215,19-02-2019 00:00,13431.98,1928701795,0
140106181,20200203,20200217,16-04-2020 00:00,92355.12,2960612611,0
200744019,20191105,20191120,20-11-2019 00:00,27831.52,1930099684,0
100031704,20190812,20190827,28-08-2019 00:00,14819.77,1929733422,0
200739534,20190915,20190930,01-10-2019 00:00,28546.16,1929878013,0
200020431,20190320,20190408,01-04-2019 00:00,1566.26,1928996081,0
140104409,20190829,20190915,16-09-2019 00:00,28962.75,2960576423,0
200020431,20190523,20190523,28-05-2019 00:00,9540.85,1929361079,0
200794332,20191022,20191106,24-10-2019 00:00,32797.15,1930036281,0
100030194,20190621,20190702,11-07-2019 00:00,13169.4,2960555290,0
200729942,20190906,20191120,23-09-2019 00:00,2379.78,1929842719,0
200769623,20190403,20190418,15-04-2019 00:00,15577.01,1929070468,0
140104423,20191101,20191115,14-11-2019 00:00,92366.48,2960589594,0
CCU002,20190112,20190216,01-03-2019 00:00,27632.41,1928601459,0
200974851,20190207,20190222,20-02-2019 00:00,1783.15,1928760302,0
200763814,20200226,20200312,16-03-2020 00:00,28895.35,1930573545,0
100031723,20190315,20190414,11-04-2019 00:00,74858.44,1928970367,0
200782669,20190521,20190605,07-06-2019 00:00,46388.71,1929348235,0
100031704,20190315,20190330,01-04-2019 00:00,11284.51,1928966760,0
140104429,20191203,20191221,20-12-2019 00:00,193076.23,2960598031,0
200769623,20190727,20190811,06-08-2019 00:00,67476.76,1929664486,0
200331749,20200212,20200227,02-03-2020 00:00,41561.61,1930522512,0
200782001,20190711,20190726,24-07-2019 00:00,41465.04,1929608575,0
200748108,20190201,20190216,19-02-2019 00:00,5404.41,1928720093,0
200078795,20191104,20191119,21-11-2019 00:00,8314.62,1930098565,0
200779906,20190917,20191002,03-10-2019 00:00,113013.58,1929881165,0
200778870,20190417,20190502,06-05-2019 00:00,13897.98,1929157034,0
200706844,20190225,20190501,12-03-2019 00:00,2484.3,1928850703,0
200726979,20200116,20200131,31-01-2020 00:00,131.42,1930426999,0
200762301,20190329,20190414,15-04-2019 00:00,9307.43,1929047158,0
200152991,20190122,20190206,06-02-2019 00:00,1533.81,1928662134,0
200769623,20190326,20190410,05-04-2019 00:00,27275.07,1929027389,0
200769623,20190513,20190528,23-05-2019 00:00,14959.34,1929300687,0
200759878,20190624,20190709,09-07-2019 00:00,78147.38,1929530963,0
200571849,20190716,20190731,31-07-2019 00:00,51566.97,1929624877,0
200769623,20190701,20190716,17-07-2019 00:00,22066.54,1929559650,0
200526831,20191112,20191127,26-11-2019 00:00,135535.45,1930142348,0
200769623,20190821,20190905,03-09-2019 00:00,3748.84,1929767106,0
200769623,20190627,20190712,15-07-2019 00:00,55517.87,1929550804,0
CCU002,20200222,20200328,27-03-2020 00:00,51913.9,1930542346,0
200762301,20190528,20190612,11-06-2019 00:00,11518.99,1929381072,0
200416837,20190606,20190608,11-06-2019 00:00,7734.44,1929443085,0
200769623,20200224,20200310,11-03-2020 00:00,12433.74,1930559263,0
200337148,20191001,20191016,16-10-2019 00:00,117802.06,1929951886,0
200769623,20190330,20190414,09-04-2019 00:00,71.21,1929051896,0
200418007,20200123,20200207,11-02-2020 00:00,1253.12,1930426199,0
200769623,20190319,20190403,01-04-2019 00:00,6183.75,1928988761,0
200726979,20190807,20190822,22-08-2019 00:00,163.8,1929709770,0
200769623,20191125,20191210,09-12-2019 00:00,27981.86,1930190633,0
200769623,20191221,20200105,31-12-2019 00:00,11462.36,1930305194,0
200769623,20191127,20191212,09-12-2019 00:00,40733.65,1930201424,0
200779906,20191106,20191121,22-11-2019 00:00,111727.78,1930115703,0
200152991,20200122,20200211,11-02-2020 00:00,7468.67,1930425315,0
200769623,20190708,20190723,26-07-2019 00:00,618.52,1929583532,0
200353024,20190404,20190408,10-04-2019 00:00,6876.61,1929081161,0
200726979,20190531,20190615,18-06-2019 00:00,81527.78,1929406425,0
CCU013,20190627,20190627,30-08-2019 00:00,60120.07,1929532906,0
200772670,20190911,20191115,18-11-2019 00:00,16123.91,1929863577,0
200769623,20190129,20190213,08-02-2019 00:00,14737.47,1928697480,0
200769623,20190723,20190807,06-08-2019 00:00,319.99,1929646951,0
200769623,20191102,20191117,13-11-2019 00:00,32629.19,1930093057,0
200752302,20190415,20190430,30-04-2019 00:00,2382.55,1929147721,0
200759878,20191019,20191103,05-11-2019 00:00,14761.35,1930022086,0
200769623,20191202,20191217,13-12-2019 00:00,41244.57,1930209799,0
200769623,20190621,20190706,02-07-2019 00:00,21466.47,1929523395,0
200769623,20190728,20190812,07-08-2019 00:00,2352.97,1929667142,0
200761734,20190108,20190123,23-01-2019 00:00,61277.74,1928587834,0
200592182,20190724,20190808,01-08-2019 00:00,116.4,1929655448,0
200777735,20190621,20190706,05-07-2019 00:00,72931.85,1929524173,0
200762301,20190206,20190221,21-02-2019 00:00,103337.14,1928740350,0
140106316,20191125,20191207,06-12-2019 00:00,32376.44,2960595838,0
200750051,20190328,20190412,12-04-2019 00:00,7486.46,1929047046,0
200794332,20190925,20191010,10-10-2019 00:00,15706.2,1929912888,0
200756072,20200109,20200124,24-01-2020 00:00,29991.6,1930370296,0
CCU001,20190410,20190517,31-05-2019 00:00,34176.12,2960535199,0
200769623,20200105,20200120,15-01-2020 00:00,68952.26,1930352074,0
200761734,20200131,20200215,21-02-2020 00:00,670.48,1930461310,0
200230690,20200106,20200124,15-01-2020 00:00,2220.04,1930358060,0
200794332,20190422,20190507,06-05-2019 00:00,42550.76,1929180952,0
200762301,20190312,20190327,28-03-2019 00:00,41626.95,1928943343,0
200769623,20190703,20190718,15-07-2019 00:00,2332.49,1929567868,0
200750051,20191003,20191018,18-10-2019 00:00,23778.49,1929957462,0
200936373,20190318,20190402,03-04-2019 00:00,129907.1,1928984963,0
200762301,20190125,20190209,08-02-2019 00:00,17590.09,1928676264,0
200416837,20190507,20190524,16-05-2019 00:00,70.8,1929274634,0
200793568,20190723,20190807,12-08-2019 00:00,73235.87,1929650457,0
200769623,20200214,20200229,25-02-2020 00:00,1897.39,1930526537,0
200707005,20200115,20200130,30-01-2020 00:00,80016.53,1930391583,0
200705742,20190723,20190826,07-08-2019 00:00,6230.85,1929650692,0
200769623,20190104,20190119,15-01-2019 00:00,13045.03,1928553672,0
200729290,20191208,20191223,23-12-2019 00:00,47122.15,1930245725,0
200418007,20190808,20190823,23-08-2019 00:00,904.32,1929697329,0
200705742,20190912,20191014,02-10-2019 00:00,4456.7,1929871250,0
140104423,20190328,20190408,05-04-2019 00:00,273582.01,2960538079,0
200803720,20190308,20190308,08-03-2019 00:00,2843.49,1928926943,0
200743996,20200122,20200206,06-02-2020 00:00,63404.78,1930425441,0
200769623,20190107,20190122,18-01-2019 00:00,4890.99,1928578762,0
200769623,20190330,20190414,16-04-2019 00:00,944.25,1929051284,0
200793568,20190626,20190711,11-07-2019 00:00,18597.17,1929539008,0
200719300,20191101,20191116,19-11-2019 00:00,3788.2,1930064726,0
200769623,20190330,20190414,15-04-2019 00:00,30037.55,1929044815,0
200122145,20191121,20191206,06-12-2019 00:00,40511.8,1930177894,0
200718130,20190115,20190130,01-02-2019 00:00,27145.53,1928631753,0
200759878,20190313,20190427,18-04-2019 00:00,106922.58,1928947002,0
200762301,20191107,20191122,22-11-2019 00:00,135793.37,1930124376,0
200794332,20190221,20190308,08-03-2019 00:00,16971.66,1928828747,0
200759878,20200128,20200313,04-03-2020 00:00,122111.19,1930448402,0
200769623,20190114,20190129,24-01-2019 00:00,13065.2,1928612763,0
200353024,20190419,20190509,01-05-2019 00:00,2352.42,1929173492,0
200794332,20191204,20191219,23-12-2019 00:00,14836.39,1930215479,0
200795490,20190613,20190628,01-07-2019 00:00,70266.89,1929485996,0
200762301,20190114,20190129,29-01-2019 00:00,17811.67,1928615086,0
200706844,20190329,20190413,15-04-2019 00:00,43804.38,1929035898,0
200769623,20181230,20190114,09-01-2019 00:00,54276.57,1928539220,0
140105785,20190305,20190315,12-07-2019 00:00,1061.55,2960532516,0
200793088,20191216,20191231,31-12-2019 00:00,56056.51,1930280144,0
200769623,20190421,20190506,07-05-2019 00:00,31439.15,1929183500,0
200592182,20190524,20190608,03-06-2019 00:00,8757.96,1929374368,0
200705742,20190313,20190402,28-03-2019 00:00,99943.59,1928959456,0
200769623,20190809,20190824,20-08-2019 00:00,1858.36,1929716646,0
200782001,20190410,20190511,23-04-2019 00:00,1987.86,1929125554,0
200752302,20190429,20190514,14-05-2019 00:00,1764.5,1929228101,0
200726979,20200123,20200207,07-02-2020 00:00,432.45,1930425950,0
CCU013,20190224,20190224,29-03-2019 00:00,28428.99,1928847213,0
200936373,20190814,20190829,30-08-2019 00:00,183844.42,1929748611,0
200762301,20190204,20190410,11-04-2019 00:00,16824.82,1928738985,0
200794332,20200224,20200315,09-03-2020 00:00,15250.09,1930547289,0
200769623,20191117,20191202,04-12-2019 00:00,85886.38,1930163641,0
200769623,20190508,20190523,20-05-2019 00:00,2335.63,1929274895,0
140104429,20190526,20190607,07-06-2019 00:00,44761.37,2960550495,0
200769623,20190930,20191015,11-10-2019 00:00,919.08,1929939641,0
200696090,20190722,20190806,06-08-2019 00:00,6940.42,1929627729,0
200762301,20190513,20190528,29-05-2019 00:00,5171.65,1929300651,0
140106372,20190712,20190723,24-07-2019 00:00,67492.8,2960564655,0
200785971,20200225,20200311,13-03-2020 00:00,36903.05,1930570913,0
200769623,20190213,20190228,25-02-2019 00:00,1235.26,1928783366,0
100031704,20190425,20190510,13-05-2019 00:00,96804.08,1929202228,0
200799367,20200207,20200222,24-02-2020 00:00,17981.12,1930475136,0
200769623,20190424,20190509,14-05-2019 00:00,12074.44,1929199569,0
140105686,20190827,20190914,19-09-2019 00:00,43654.27,2960576140,0
200762301,20190914,20191118,19-11-2019 00:00,1583.54,1929871930,0
200705742,20190219,20190325,07-03-2019 00:00,14231.08,1928826318,0
140104340,20190107,20190119,24-01-2019 00:00,2696.4,2960520779,0
200799367,20190501,20190516,16-05-2019 00:00,110176.93,1929238362,0
200769623,20190521,20190605,06-06-2019 00:00,28064.46,1929347692,0
200705089,20191021,20191105,05-11-2019 00:00,5007.66,1930013365,0
200148860,20191129,20191214,13-12-2019 00:00,14776.31,1930201640,0
200764795,20200109,20200124,27-01-2020 00:00,28578.57,1930359669,0
140104440,20191117,20191128,04-12-2019 00:00,5432.83,2960593937,0
200769623,20190905,20190920,17-09-2019 00:00,15836.29,1929821437,0
200743123,20191112,20191127,27-11-2019 00:00,58227.16,1930138295,0
200353024,20191018,20191023,24-10-2019 00:00,27269.06,1930029510,0
200772670,20190730,20190814,14-08-2019 00:00,159793.5,1929677141,0
200769623,20191208,20191223,18-12-2019 00:00,4271.46,1930228549,0
200416837,20191023,20191108,01-11-2019 00:00,653.28,1930044997,0
200275115,20190930,20191015,15-10-2019 00:00,40230,1929938152,0
200744019,20190606,20190904,03-12-2019 00:00,2383.99,1929443867,0
200726979,20190930,20191015,15-10-2019 00:00,400.17,1929940616,0
200756072,20191121,20191206,06-12-2019 00:00,20360.97,1930160971,0
200769623,20200126,20200210,11-02-2020 00:00,32333.93,1930440274,0
200726979,20190812,20190827,27-08-2019 00:00,473.95,1929742067,0
200786288,20200214,20200229,02-03-2020 00:00,13223.59,1930510011,0
200792293,20190408,20190423,24-04-2019 00:00,25172.44,1929110467,0
200718130,20190611,20190713,15-07-2019 00:00,8163.62,1929433004,0
200253680,20190904,20190919,19-09-2019 00:00,48228,1929830893,0
200769623,20190614,20190629,25-06-2019 00:00,2373.96,1929491675,0
200742521,20190522,20190606,04-06-2019 00:00,37308.59,1929359457,0
200762301,20190715,20190730,30-07-2019 00:00,7941.28,1929618712,0
200726979,20200206,20200221,21-02-2020 00:00,163.8,1930486282,0
200756072,20190121,20190205,05-02-2019 00:00,21422.4,1928653847,0
200705742,20190416,20190506,01-05-2019 00:00,992.17,1929146940,0
200714710,20190501,20190521,22-05-2019 00:00,18976.28,1929233004,0
200769623,20190812,20190827,22-08-2019 00:00,72392.47,1929733637,0
200769623,20191021,20191105,31-10-2019 00:00,1356.55,1930036584,0
200729290,20190112,20190127,28-01-2019 00:00,17929.78,1928612421,0
200799367,20190530,20190614,14-06-2019 00:00,60888.96,1929406950,0
200794332,20190103,20190118,17-01-2019 00:00,268.7,1928559002,0
200793568,20191002,20191017,22-10-2019 00:00,42388.16,1929952401,0
200742521,20190418,20190508,07-05-2019 00:00,25642.46,1929168242,0
200729942,20200225,20200311,06-03-2020 00:00,21544.32,1930560317,0
200418007,20190917,20191002,02-10-2019 00:00,1262.81,1929866098,0
CCU013,20190405,20190405,31-05-2019 00:00,12393.17,1929094073,0
200762301,20190923,20191008,08-10-2019 00:00,139571.25,1929905858,0
200772670,20190508,20190523,23-05-2019 00:00,483.43,1929279065,0
CCU013,20200121,20200121,28-02-2020 00:00,25378.15,1930421985,0
200382900,20190809,20190824,23-08-2019 00:00,149440.91,1929725198,0
200290370,20190618,20190703,08-07-2019 00:00,22601.8,1929492573,0
200875006,20190613,20190628,28-06-2019 00:00,118820.63,1929484452,0
200761734,20190112,20190127,28-01-2019 00:00,134807.34,1928612132,0
200759878,20190822,20191006,27-09-2019 00:00,88281.06,1929769050,0
200769623,20190218,20190305,06-03-2019 00:00,11640.73,1928813499,0
200769623,20190114,20190129,31-01-2019 00:00,60738.41,1928625044,0
200750051,20190328,20190601,03-06-2019 00:00,23759.18,1929047091,0
200769623,20190617,20190702,27-06-2019 00:00,35223.43,1929501500,0
140104429,20190121,20190209,15-02-2019 00:00,70257.69,2960523550,0
200707822,20190703,20190718,18-07-2019 00:00,67095.71,1929576127,0
200769623,20200205,20200220,18-02-2020 00:00,18838.44,1930480000,0
200769623,20190202,20190217,12-02-2019 00:00,61014.53,1928725248,0
100012638,20190509,20190524,31-05-2019 00:00,137438.13,1929284052,0
200769623,20200116,20200131,28-01-2020 00:00,3964.33,1930400989,0
140104440,20190416,20190426,01-05-2019 00:00,121367.62,2960542171,0
200744019,20190228,20190315,19-03-2019 00:00,3730.01,1928855819,0
200793513,20200130,20200214,14-02-2020 00:00,80563.46,1930453375,0
200769623,20200211,20200226,27-02-2020 00:00,7610,1930511671,0
200712105,20190402,20190417,19-04-2019 00:00,47554.56,1929065577,0
200769623,20190928,20191013,10-10-2019 00:00,7635.4,1929938526,0
200920735,20191121,20191206,06-12-2019 00:00,87101.53,1930177583,0
200769623,20200118,20200202,28-01-2020 00:00,4688.71,1930413375,0
200711029,20190921,20191006,07-10-2019 00:00,48402.32,1929908343,0
200418007,20190401,20190416,16-04-2019 00:00,3720.72,1929060545,0
200769623,20191121,20191206,03-12-2019 00:00,51727.94,1930182949,0
140104429,20200225,20200308,23-03-2020 00:00,4562.68,2960616822,0
200769623,20190215,20190302,26-02-2019 00:00,67887.26,1928793566,0
200769623,20200207,20200222,24-02-2020 00:00,8523.53,1930492513,0
140104409,20190315,20190326,29-03-2019 00:00,354486.54,2960535541,0
200726979,20190207,20190222,22-02-2019 00:00,31733.76,1928747898,0
200560331,20200117,20200416,17-04-2020 00:00,89561.7,1930400892,0
200592182,20200108,20200111,09-01-2020 00:00,8345.75,1930372634,0
100001196,20190923,20191008,10-10-2019 00:00,14368.79,1929908264,0
200761734,20191216,20191231,31-12-2019 00:00,9339.97,1930283745,0
200707822,20200222,20200308,09-03-2020 00:00,118436.63,1930553295,0
200769623,20190125,20190209,05-02-2019 00:00,9517.96,1928678288,0
100012991,20190911,20190923,20-09-2019 00:00,4256.27,2960579191,0
200793568,20191002,20191017,02-10-2019 00:00,131.1,1929950530,0
200466603,20190720,20190804,24-10-2019 00:00,12803.3,1929636933,0
200769623,20190224,20190311,06-03-2019 00:00,51350.6,1928850129,0
CC7080,20190404,20190519,29-07-2019 00:00,18529.46,1991825915,0
140104229,20200203,20200215,14-02-2020 00:00,4612.95,2960612318,0
200769623,20190316,20190331,26-03-2019 00:00,25759.3,1928976281,0
200794332,20200121,20200205,04-02-2020 00:00,40356.49,1930414813,0
200769623,20191009,20191024,25-10-2019 00:00,8612.21,1929982730,0
200769623,20200212,20200227,28-02-2020 00:00,64605.21,1930507965,0
200780849,20200127,20200211,11-02-2020 00:00,13150.15,1930443932,0
200769623,20190306,20190321,18-03-2019 00:00,6451.5,1928902213,0
200769623,20190519,20190603,29-05-2019 00:00,15424.66,1929338183,0
200769623,20190508,20190523,20-05-2019 00:00,1328.25,1929283736,0
200965912,20190514,20190529,11-06-2019 00:00,20365.87,1929305860,0
200769369,20200220,20200306,06-03-2020 00:00,55244.75,1930548329,0
200956366,20200226,20200312,10-03-2020 00:00,15281,1930562537,0
200705742,20200129,20200301,18-02-2020 00:00,78240.47,1930453810,0
140105847,20190911,20190928,30-09-2019 00:00,13191.85,2960579229,0
200744019,20191001,20191016,21-10-2019 00:00,32384.84,1929945406,0
200769623,20190901,20190916,16-09-2019 00:00,7837.29,1929808673,0
200769623,20200121,20200205,31-01-2020 00:00,661.11,1930415415,0
100031704,20190208,20190223,25-02-2019 00:00,6137.42,1928762440,0
200793830,20190717,20190801,02-08-2019 00:00,47268.73,1929628335,0
200769623,20190417,20190502,29-04-2019 00:00,2951.38,1929152291,0
200762301,20200108,20200123,23-01-2020 00:00,1042,1930370537,0
200763814,20190613,20190628,27-06-2019 00:00,16642.61,1929487928,0
200326954,20191030,20191106,13-11-2019 00:00,82767.03,1930072389,0
200769623,20190329,20190413,09-04-2019 00:00,68937.23,1929041741,0
140105785,20190614,20190629,05-07-2019 00:00,92.4,2960554581,0
200769623,20190208,20190223,26-02-2019 00:00,4136.25,1928761189,0
200230690,20190207,20190224,15-02-2019 00:00,395.52,1928758474,0
200769623,20191229,20200113,08-01-2020 00:00,18988.5,1930331906,0
200020431,20190325,20190408,01-04-2019 00:00,2888.06,1929023709,0
200779906,20190920,20191005,07-10-2019 00:00,156745.4,1929898036,0
200778870,20190124,20190208,20-02-2019 00:00,4626.49,1928681284,0
200418007,20190723,20190807,21-08-2019 00:00,765.52,1929632965,0
200769623,20191010,20191025,21-10-2019 00:00,34578.58,1929995883,0
200714710,20190811,20190826,13-09-2019 00:00,9975.41,1929732384,0
200743123,20190503,20190518,20-05-2019 00:00,44695.58,1929249891,0
200793568,20190424,20190509,15-05-2019 00:00,20919.56,1929192303,0
200769623,20191220,20200104,31-12-2019 00:00,18942.45,1930299644,0
200803720,20190213,20190211,13-02-2019 00:00,17033.28,1928790881,0
200230690,20190719,20190726,24-07-2019 00:00,18744.86,1929638249,0
200794332,20190510,20190525,28-05-2019 00:00,58260.3,1929292754,0
100034958,20190415,20190428,26-08-2019 00:00,3590.25,2960541723,0
200769623,20200123,20200207,10-02-2020 00:00,6745.29,1930426233,0
200936373,20190701,20190716,18-07-2019 00:00,5996.25,1929563475,0
200416837,20190426,20190509,01-05-2019 00:00,246.96,1929211613,0
200416837,20190403,20190424,16-04-2019 00:00,1105.78,1929073870,0
CC6000,20190815,20190929,24-09-2019 00:00,17151.34,1991831124,0
CCCA02,20190612,20190717,02-08-2019 00:00,24594.24,1929463967,0
200704858,20191016,20191031,31-10-2019 00:00,150492.91,1930015290,0
200331749,20200129,20200213,13-02-2020 00:00,12921.58,1930445170,0
200980828,20190820,20190904,03-09-2019 00:00,1168.82,1929766441,0
140104249,20190108,20190126,30-01-2019 00:00,12690.56,2960521067,0
100030194,20200121,20200202,17-02-2020 00:00,3007,2960608086,0
200769623,20190421,20190506,02-05-2019 00:00,41095.26,1929181818,0
200759878,20190414,20190618,19-06-2019 00:00,15957,1929136876,0
200726979,20190828,20190912,12-09-2019 00:00,803.2,1929800929,0
200207008,20190319,20190329,08-04-2019 00:00,24664.8,1928988102,0
200707005,20190220,20190307,07-03-2019 00:00,28329.5,1928815284,0
200769623,20191101,20191116,12-11-2019 00:00,15913.18,1930077842,0
200732755,20190809,20190824,26-08-2019 00:00,32577.89,1929721485,0
200769623,20190224,20190311,06-03-2019 00:00,13165.85,1928849482,0
100003940,20190212,20190304,07-03-2019 00:00,31722,1928775487,0
200718130,20190619,20190709,10-07-2019 00:00,44528.11,1929515336,0
200778870,20190618,20190703,23-07-2019 00:00,21500.66,1929499471,0
200799538,20190821,20190905,09-09-2019 00:00,90853.7,1929771138,0
200148860,20190627,20190712,12-07-2019 00:00,46793.15,1929550315,0
200729942,20191015,20191030,29-10-2019 00:00,258.52,1930013997,0
200881076,20190311,20190326,26-03-2019 00:00,89077,1928941536,0
200769623,20200104,20200119,21-01-2020 00:00,1243.85,1930353147,0
200726979,20190206,20190221,21-02-2019 00:00,71.46,1928743313,0
200779051,20191104,20191119,20-11-2019 00:00,85427.51,1930099962,0
200777735,20190604,20190619,19-06-2019 00:00,64812.94,1929426899,0
200820380,20190206,20190221,21-02-2019 00:00,70336.72,1928731958,0
200769623,20190329,20190413,09-04-2019 00:00,13456.5,1929044249,0
200714710,20190417,20190507,10-05-2019 00:00,9634.4,1929147368,0
200416837,20191004,20191024,16-10-2019 00:00,7048.9,1929959044,0
200705372,20190917,20191002,02-10-2019 00:00,59428.4,1929877590,0
200742791,20190402,20190417,25-04-2019 00:00,25009.78,1929057975,0
200769623,20191127,20191212,09-12-2019 00:00,6020.19,1930190831,0
200192492,20190221,20190422,20-03-2019 00:00,30940,1928825978,0
200777735,20190222,20190309,08-03-2019 00:00,22516.42,1928833619,0
200749225,20190828,20190912,12-09-2019 00:00,9952.73,1929807666,0
200416837,20190821,20190908,03-09-2019 00:00,174.72,1929769331,0
200705742,20190917,20191002,08-10-2019 00:00,10412.91,1929881917,0
200794332,20190619,20190704,05-07-2019 00:00,32752.39,1929518420,0
200726979,20200217,20200303,03-03-2020 00:00,288.86,1930537038,0
140104225,20190920,20191004,03-10-2019 00:00,22499.24,2960581335,0
200769623,20190720,20190804,08-08-2019 00:00,1562.3,1929642090,0
200353024,20191205,20191224,16-12-2019 00:00,139.32,1930221408,0
200769623,20191108,20191123,19-11-2019 00:00,47265.29,1930118919,0
200704858,20190405,20190420,22-04-2019 00:00,34889.57,1929086353,0
200777735,20190506,20190521,20-05-2019 00:00,1893.11,1929272808,0
200418007,20190827,20190911,11-09-2019 00:00,1536.04,1929773745,0
200769623,20190116,20190131,28-01-2019 00:00,5240.68,1928618997,0
200769623,20190112,20190127,22-01-2019 00:00,6532.6,1928613033,0
200726979,20190421,20190506,06-05-2019 00:00,207.65,1929181957,0
200786288,20190715,20190730,26-07-2019 00:00,14097.73,1929616759,0
200043803,20190614,20190704,12-07-2019 00:00,14992.32,1929473702,0
200865666,20190205,20190220,20-02-2019 00:00,2325.55,1928744731,0
CCCA02,20190618,20190723,02-08-2019 00:00,12965.4,1929497435,0
100031704,20190723,20190807,08-08-2019 00:00,56224.82,1929646251,0
200126819,20200105,20200120,21-01-2020 00:00,30774.88,1930354553,0
200769623,20190709,20190724,25-07-2019 00:00,52127.58,1929588031,0
200769623,20200208,20200223,25-02-2020 00:00,32659.32,1930516701,0
200974851,20190402,20190417,17-04-2019 00:00,2225.31,1929073110,0
200772670,20200207,20200222,24-02-2020 00:00,8485.99,1930494252,0
200759878,20190718,20190802,05-08-2019 00:00,48890.15,1929626873,0
200726979,20190228,20190315,15-03-2019 00:00,21468.83,1928853294,0
200769623,20200127,20200211,19-02-2020 00:00,62063.15,1930442486,0
200769623,20190719,20190803,30-07-2019 00:00,18408.71,1929635516,0
200769623,20190309,20190324,27-03-2019 00:00,7379.18,1928930751,0
200759878,20190513,20190627,18-06-2019 00:00,117926.8,1929294729,0
200759878,20190615,20190630,01-07-2019 00:00,78170.05,1929494625,0
200705372,20190823,20190907,09-09-2019 00:00,12027.86,1929773350,0
200761734,20200212,20200227,26-02-2020 00:00,106194.81,1930517708,0
100031704,20190715,20190730,31-07-2019 00:00,57086.8,1929620897,0
140104429,20190110,20190120,28-01-2019 00:00,3243.6,2960521384,0
200152991,20191003,20191018,23-10-2019 00:00,147.38,1929958517,0
200555117,20190512,20190527,29-05-2019 00:00,119382.03,1929300899,0
200718130,20190417,20190502,08-05-2019 00:00,1240.72,1929158680,0
200782001,20200103,20200118,22-01-2020 00:00,40628.51,1930344906,0
200705742,20190411,20190501,26-04-2019 00:00,113574.87,1929133600,0
200769623,20190721,20190805,02-08-2019 00:00,11777.91,1929645560,0
200752302,20190612,20190627,27-06-2019 00:00,16471.49,1929459096,0
200455322,20190611,20190711,27-09-2019 00:00,51192.58,1929464871,0
200769623,20190914,20190929,24-09-2019 00:00,4797.54,1929872040,0
200936373,20190628,20190713,15-07-2019 00:00,63976.28,1929551896,0
200729942,20190429,20190514,14-05-2019 00:00,19135.63,1929232001,0
200769623,20191008,20191023,18-10-2019 00:00,24119.59,1929982677,0
200769623,20191006,20191021,23-10-2019 00:00,9667.18,1929972027,0
200789077,20190422,20190512,13-05-2019 00:00,30959.73,1929186940,0
100028715,20190807,20191105,22-08-2019 00:00,25032.26,1929709762,0
200792734,20190426,20190511,10-05-2019 00:00,19576.58,1929217323,0
200755701,20190913,20190928,27-09-2019 00:00,146275.29,1929869001,0
100009932,20190821,20190920,23-09-2019 00:00,17001.42,1991830491,0
100030194,20190506,20190517,21-05-2019 00:00,128652.15,2960546910,0
200704045,20191012,20191027,28-10-2019 00:00,77796.86,1930007324,0
200729942,20190423,20190508,07-05-2019 00:00,13385.51,1929193593,0
200794332,20190729,20190813,13-08-2019 00:00,20557.14,1929670854,0
200769623,20190703,20190718,15-07-2019 00:00,12805.08,1929562175,0
200920735,20191010,20191025,25-10-2019 00:00,26365.22,1929995639,0
200769623,20190217,20190304,28-02-2019 00:00,32895.27,1928810799,0
200769623,20200104,20200119,14-01-2020 00:00,1367.82,1930349557,0
200778998,20200205,20200220,20-02-2020 00:00,126048.97,1930476770,0
200785971,20190417,20190502,06-05-2019 00:00,16212.85,1929160815,0
200416837,20191123,20191209,02-12-2019 00:00,2927.54,1930187749,0
200769623,20190117,20190201,04-02-2019 00:00,5886.16,1928639408,0
200707822,20190114,20190129,29-01-2019 00:00,92548.25,1928621932,0
200148860,20190312,20190516,27-03-2019 00:00,14835.52,1928939971,0
200792293,20191212,20191227,30-12-2019 00:00,5641.31,1930271941,0
100032284,20190502,20190611,12-06-2019 00:00,6495.36,1929245596,0
200769623,20191009,20191024,21-10-2019 00:00,37004.62,1929984184,0
200752302,20190429,20190514,14-05-2019 00:00,18919.31,1929219507,0
200974851,20191204,20191219,19-12-2019 00:00,2052.38,1930218221,0
200580232,20190425,20190505,02-05-2019 00:00,34534.5,1929199186,0
200762301,20190326,20190410,10-04-2019 00:00,155729.59,1929029547,0
200729828,20190115,20190130,30-01-2019 00:00,46456.28,1928633121,0
140106249,20190329,20190410,16-04-2019 00:00,12528.49,2960538710,0
200726979,20191130,20191215,16-12-2019 00:00,380.01,1930203599,0
100046614,20190928,20191127,29-11-2019 00:00,20899.5,1991832573,0
200752302,20191106,20191121,21-11-2019 00:00,9840.34,1930114448,0
200792293,20191205,20191220,23-12-2019 00:00,19700.7,1930224182,0
200776463,20190912,20191116,18-11-2019 00:00,2311.52,1929864844,0
200726979,20190408,20190423,23-04-2019 00:00,1064.55,1929101564,0
140104429,20190407,20190426,01-05-2019 00:00,57119.09,2960540504,0
200769623,20200107,20200122,17-01-2020 00:00,50743.32,1930363459,0
200186937,20190827,20190928,17-09-2019 00:00,4102.09,1929773324,0
140106408,20191116,20191203,09-12-2019 00:00,122696.79,2960593347,0
200793088,20190128,20190212,12-02-2019 00:00,44532.7,1928694021,0
200769623,20190404,20190419,16-04-2019 00:00,2373.96,1929083493,0
200759878,20190822,20190906,09-09-2019 00:00,17625.83,1929769741,0
200769623,20190312,20190327,02-04-2019 00:00,899.17,1928943113,0
140104340,20190826,20190905,12-09-2019 00:00,21442.3,2960575904,0
CCCA02,20181230,20190203,01-03-2019 00:00,13039.64,1928536960,0
CCCA02,20190712,20190816,30-08-2019 00:00,25468.14,1929607732,0
200980828,20190920,20191005,03-10-2019 00:00,514.7,1929897233,0
200739941,20190410,20190430,26-04-2019 00:00,12015.75,1929117975,0
140104409,20190630,20190710,12-07-2019 00:00,149958.71,2960557873,0
200706844,20190329,20190413,15-04-2019 00:00,34149.54,1929044216,0
200769623,20190912,20190927,23-09-2019 00:00,37326.3,1929862930,0
200762301,20190503,20190518,20-05-2019 00:00,76303.98,1929248963,0
200769623,20191029,20191113,15-11-2019 00:00,62717.81,1930064957,0
200353024,20190305,20190324,18-03-2019 00:00,728.64,1928904450,0
140104429,20190528,20190608,13-06-2019 00:00,12338.34,2960551614,0
200793568,20190503,20190518,20-05-2019 00:00,10446.77,1929251706,0
200769623,20191127,20191212,17-12-2019 00:00,10169.75,1930192658,0
200769623,20190103,20190118,22-01-2019 00:00,63613.03,1928553975,0
200769623,20190821,20190905,03-09-2019 00:00,70180.42,1929768649,0
200418007,20190315,20190519,01-04-2019 00:00,124.32,1928948791,0
140105847,20190716,20190728,29-07-2019 00:00,9486,2960566017,0
200794332,20190817,20190901,03-09-2019 00:00,32715.47,1929757775,0
200707822,20191111,20191126,26-11-2019 00:00,136314.92,1930140481,0
200780825,20200116,20200205,06-02-2020 00:00,605.41,1930381860,0
200148860,20191215,20191230,30-12-2019 00:00,91150.05,1930282330,0
200739006,20190923,20191008,15-10-2019 00:00,19912.32,1929907485,0
140103335,20190909,20191009,09-10-2019 00:00,499.48,1991827699,0
200778998,20190711,20190726,26-07-2019 00:00,134522.32,1929605684,0
200126819,20190715,20190730,29-07-2019 00:00,18930.24,1929624034,0
CC7080,20190814,20190928,26-11-2019 00:00,123120.08,1991830939,0
200769623,20191203,20191218,16-12-2019 00:00,8391.4,1930210117,0
200769623,20190129,20190213,08-02-2019 00:00,242.92,1928695437,0
200769623,20190511,20190526,21-05-2019 00:00,52088.43,1929287039,0
200769623,20200224,20200310,17-03-2020 00:00,47930.53,1930559877,0
200729828,20190207,20190311,26-02-2019 00:00,44456.9,1928743308,0
200769623,20190305,20190320,18-03-2019 00:00,10859.32,1928896258,0
200769623,20200210,20200225,26-02-2020 00:00,9984.88,1930503243,0
200797452,20190904,20190919,20-09-2019 00:00,31527.94,1929826861,0
200761734,20190911,20190926,24-09-2019 00:00,54896.32,1929866462,0
200705742,20190124,20190208,08-02-2019 00:00,7816.59,1928671289,0
200769623,20190202,20190217,12-02-2019 00:00,934.34,1928723857,0
200331749,20190418,20190503,03-05-2019 00:00,528.1,1929167804,0
200793830,20190717,20190801,02-08-2019 00:00,17362.86,1929626252,0
200493614,20190404,20190419,19-04-2019 00:00,13996.65,1929083043,0
140104429,20190121,20190201,01-02-2019 00:00,3353.26,2960523905,0
200729290,20191102,20191117,18-11-2019 00:00,7858.26,1930094243,0
200331749,20191021,20191105,12-11-2019 00:00,4787.08,1930040941,0
200756072,20190322,20190406,08-04-2019 00:00,11598.72,1928969405,0
200794332,20190328,20190412,10-04-2019 00:00,60664.04,1929027486,0
200769623,20190831,20190915,12-09-2019 00:00,14977.63,1929803034,0
200769623,20190724,20190808,05-08-2019 00:00,18956.67,1929645195,0
200040366,20190529,20190613,14-06-2019 00:00,17883.42,1929391372,0
200152991,20190403,20190418,23-04-2019 00:00,513.62,1929076953,0
200900212,20190821,20190905,28-08-2019 00:00,29425.05,1929769943,0
200761734,20191114,20191129,02-12-2019 00:00,38558.3,1930144748,0
200337148,20190318,20190402,02-04-2019 00:00,8960.02,1928989062,0
200790107,20190614,20190629,28-06-2019 00:00,45778.74,1929486446,0
200799367,20191010,20191025,28-10-2019 00:00,54780.53,1929995128,0
200769623,20190622,20190707,02-07-2019 00:00,8232.32,1929530074,0
200739534,20190904,20191108,08-11-2019 00:00,14281.69,1929828243,0
200762301,20190329,20190413,12-04-2019 00:00,30164.97,1929044400,0
200790107,20191113,20191128,29-11-2019 00:00,50368.96,1930147923,0
140105686,20191008,20191027,30-10-2019 00:00,42.95,2960585213,0
100036318,20191011,20191021,22-10-2019 00:00,41377,1930005076,0
200744019,20190516,20190531,30-05-2019 00:00,1750.12,1929315111,0
200769623,20190102,20190117,14-01-2019 00:00,2307.71,1928550457,0
140104340,20191009,20191020,31-10-2019 00:00,9535.3,2960583870,0
200759878,20191016,20191031,05-11-2019 00:00,32151.62,1930015959,0
200794332,20190604,20190619,20-06-2019 00:00,15177.42,1929421867,0
140104340,20190315,20190326,28-03-2019 00:00,5797.93,2960535632,0
200152991,20190514,20190529,29-05-2019 00:00,1994.87,1929317051,0
200418007,20190801,20190816,16-08-2019 00:00,6619.2,1929673224,0
200769623,20200213,20200228,24-02-2020 00:00,40312.43,1930518134,0
200974851,20200213,20200304,04-03-2020 00:00,2540.67,1930522564,0
100048218,20190418,20190503,09-05-2019 00:00,12271.8,1929167002,0
200418007,20190828,20190912,12-09-2019 00:00,66042.77,1929792441,0
200794332,20191119,20191204,03-12-2019 00:00,17179.57,1930156842,0
200769623,20200209,20200224,26-02-2020 00:00,9121.87,1930503126,0
140103293,20200217,20200318,05-03-2020 00:00,11240.4,1991839702,0
200726979,20191201,20191216,16-12-2019 00:00,245.23,1930207117,0
200726979,20191124,20191209,09-12-2019 00:00,125.15,1930188471,0
200769623,20190216,20190303,26-02-2019 00:00,13979.05,1928804869,0
200712187,20190625,20190710,10-07-2019 00:00,149321.33,1929541951,0
200769623,20190926,20191011,08-10-2019 00:00,17757.28,1929923189,0
200704858,20190412,20190427,22-04-2019 00:00,14193.74,1929136646,0
200769623,20200125,20200209,04-02-2020 00:00,25195.88,1930434459,0
200148860,20190401,20190416,16-04-2019 00:00,1410.82,1929068771,0
200772670,20190826,20190910,10-09-2019 00:00,162007.57,1929790322,0
200763814,20190214,20190301,27-02-2019 00:00,1565.33,1928798895,0
CCU013,20190829,20190829,27-09-2019 00:00,40606.02,1929808629,0
200769623,20191203,20191218,16-12-2019 00:00,35647.75,1930209556,0
140103423,20191111,20191211,09-12-2019 00:00,2833,1991835325,0
200706844,20190712,20191010,10-10-2019 00:00,6651.46,1929600291,0
200769623,20190916,20191001,27-09-2019 00:00,16763.26,1929878038,0
200769623,20190113,20190128,23-01-2019 00:00,39356.59,1928614683,0
200778998,20191020,20191104,04-11-2019 00:00,141232.83,1930033469,0
100020089,20190114,20190129,29-05-2019 00:00,7785.72,1928619896,0
200769623,20190323,20190407,15-04-2019 00:00,5547,1929017048,0
200002965,20190523,20190608,03-06-2019 00:00,4318.8,1929366087,0
100031704,20190628,20190713,12-07-2019 00:00,34897.16,1929549703,0
200744019,20190615,20190630,02-07-2019 00:00,17613.6,1929484299,0
200726979,20191110,20191125,26-11-2019 00:00,226.44,1930135504,0
200769623,20191008,20191023,21-10-2019 00:00,73791.91,1929976238,0
100000158,20190525,20190823,18-09-2019 00:00,30534,1929372127,0
200769623,20190503,20190518,14-05-2019 00:00,14218.08,1929245531,0
200769623,20200212,20200227,24-02-2020 00:00,18785.85,1930516741,0
200865666,20191106,20191121,21-11-2019 00:00,4268.24,1930118397,0
200743123,20190114,20190129,29-01-2019 00:00,121796.28,1928617390,0
200799367,20190927,20191012,04-11-2019 00:00,24401.55,1929933459,0
200803094,20190827,20190911,11-09-2019 00:00,18472.95,1929793208,0
200769623,20200225,20200311,06-03-2020 00:00,68752.68,1930559182,0
200769623,20200119,20200203,30-01-2020 00:00,28152.23,1930414092,0
200769623,20190529,20190613,14-06-2019 00:00,21728.92,1929383679,0
200152991,20190401,20190416,16-04-2019 00:00,639.48,1929063391,0
200230690,20190207,20190211,13-02-2019 00:00,6229.7,1928758666,0
200769623,20190713,20190728,30-07-2019 00:00,7740.98,1929617477,0
200353024,20200222,20200310,02-03-2020 00:00,142.56,1930557361,0
200029010,20200117,20200201,03-02-2020 00:00,182515.13,1930411246,0
200744019,20191008,20191023,28-10-2019 00:00,11118.78,1929981429,0
200726979,20190721,20190805,05-08-2019 00:00,353.09,1929650681,0
200769623,20191215,20191230,26-12-2019 00:00,29916.64,1930280874,0
200769623,20200223,20200309,04-03-2020 00:00,4873.12,1930558647,0
140104225,20191111,20191121,25-11-2019 00:00,108609.68,2960592177,0
200769623,20200102,20200117,14-01-2020 00:00,37287.91,1930342435,0
200769623,20190104,20190119,15-01-2019 00:00,24.68,1928565294,0
200782669,20191120,20191222,09-12-2019 00:00,14339.9,1930153116,0
CCU013,20190305,20190305,03-05-2019 00:00,1307.95,1928886171,0
200769623,20200105,20200120,15-01-2020 00:00,13989.29,1930352263,0
200769623,20191206,20191221,17-12-2019 00:00,76466.28,1930219156,0
200779906,20190412,20190427,29-04-2019 00:00,26648.12,1929127593,0
200769623,20190404,20190419,15-04-2019 00:00,57494.58,1929079240,0
200772670,20190521,20190605,05-06-2019 00:00,57349.25,1929353867,0
200763489,20190705,20190720,19-07-2019 00:00,145074.26,1929573561,0
200769623,20190819,20190903,29-08-2019 00:00,5881.3,1929760934,0
200936373,20190916,20191001,03-10-2019 00:00,19195.51,1929880460,0
200762301,20191105,20191120,20-11-2019 00:00,6376.85,1930114857,0
200418007,20191112,20191127,27-11-2019 00:00,28424.8,1930140262,0
200762301,20190701,20190716,16-07-2019 00:00,19232.99,1929555072,0
100036538,20190130,20190214,12-02-2019 00:00,2613.8,1928671240,0
200792283,20190617,20190719,18-06-2019 00:00,201.89,1929501117,0
200759878,20190530,20190614,17-06-2019 00:00,18900.99,1929379367,0
200744019,20200122,20200206,07-02-2020 00:00,5064.11,1930424685,0
200772670,20190501,20190516,17-05-2019 00:00,83273.53,1929237125,0
200769623,20190313,20190328,25-03-2019 00:00,40876.87,1928954943,0
200744019,20190412,20190427,03-05-2019 00:00,40369.72,1929128821,0
200793568,20191112,20191127,27-11-2019 00:00,77145.74,1930138040,0
200396637,20191009,20191108,15-11-2019 00:00,55218.24,1929984996,0
140106408,20190330,20190410,16-04-2019 00:00,82634.04,2960538174,0
200769623,20200219,20200305,02-03-2020 00:00,52852.53,1930543120,0
200230690,20200106,20200111,09-01-2020 00:00,4029.14,1930356084,0
200406153,20190114,20190129,02-02-2019 00:00,6618.89,1928621197,0
200769623,20191007,20191022,17-10-2019 00:00,471.56,1929983722,0
200769623,20191022,20191106,01-11-2019 00:00,73021.83,1930036467,0
140104409,20190802,20190812,16-08-2019 00:00,22034.88,2960567928,0
200794332,20190814,20190829,28-08-2019 00:00,3613.51,1929745004,0
140104440,20200217,20200228,04-03-2020 00:00,169151.81,2960614084,0
140104429,20191125,20191207,11-12-2019 00:00,19751.31,2960595850,0
200769623,20191008,20191023,18-10-2019 00:00,8804.32,1929978376,0
200772670,20190528,20190612,14-06-2019 00:00,92510.43,1929385956,0
200769623,20191118,20191203,29-11-2019 00:00,16806.93,1930164509,0
140104409,20190726,20190808,09-08-2019 00:00,66060.2,2960567399,0
200772670,20190603,20190618,19-06-2019 00:00,18207.6,1929419878,0
200707822,20191010,20191025,25-10-2019 00:00,123316.28,1929995274,0
200762950,20190403,20190418,16-04-2019 00:00,138052.07,1929063297,0
200762301,20200213,20200228,28-02-2020 00:00,9015.64,1930517423,0
140104423,20191207,20191220,19-12-2019 00:00,74172.53,2960598849,0
200707822,20191007,20191116,18-11-2019 00:00,3199.6,1929980681,0
200762301,20191103,20191118,19-11-2019 00:00,14809.97,1930095702,0
200793000,20190624,20190726,29-07-2019 00:00,15982.07,1929536135,0
140104409,20190305,20190315,15-03-2019 00:00,246412.2,2960531925,0
200797452,20190827,20190911,13-09-2019 00:00,37749.91,1929801540,0
200803720,20190525,20190608,03-06-2019 00:00,22030.04,1929374671,0
140104409,20190516,20190603,31-05-2019 00:00,132216.54,2960549046,0
200754278,20190918,20191003,04-10-2019 00:00,23521.37,1929890284,0
200788848,20191121,20191206,05-12-2019 00:00,386.8,1930178981,0
200792734,20200211,20200226,24-02-2020 00:00,276.27,1930511658,0
200980828,20190603,20190618,17-06-2019 00:00,32867.35,1929421840,0
100031704,20200224,20200310,13-03-2020 00:00,15393.7,1930560837,0
200337148,20190102,20190117,17-01-2019 00:00,2731.28,1928559312,0
200752302,20191125,20191210,10-12-2019 00:00,30189.54,1930193325,0
200739006,20190530,20190614,14-06-2019 00:00,20094.24,1929403315,0
200769623,20190406,20190421,23-04-2019 00:00,2478,1929095679,0
200706844,20191216,20191231,31-12-2019 00:00,14218.57,1930282034,0
200769623,20190821,20190905,06-09-2019 00:00,13250.12,1929766577,0
200704045,20190701,20190716,17-07-2019 00:00,63437.11,1929560608,0
200769623,20190703,20190718,15-07-2019 00:00,1870.39,1929566315,0
200759878,20190612,20190727,18-07-2019 00:00,79629.02,1929468108,0
200769623,20200117,20200201,28-01-2020 00:00,8148.7,1930406625,0
200020431,20190123,20190208,01-02-2019 00:00,12412.48,1928663248,0
200769623,20200208,20200223,20-02-2020 00:00,48646.32,1930499999,0
200704045,20190417,20190502,02-05-2019 00:00,34519.31,1929159531,0
100050703,20191012,20191027,29-10-2019 00:00,9699,1991832945,0
200769623,20190530,20190614,10-06-2019 00:00,61542.99,1929400470,0
200418007,20190513,20190528,31-05-2019 00:00,484.53,1929291645,0
200759878,20190409,20190424,24-04-2019 00:00,94930.83,1929111236,0
200463411,20190923,20191008,09-10-2019 00:00,45696,1929907673,0
200020431,20191203,20191224,16-12-2019 00:00,1559.04,1930212048,0
140105847,20190104,20190115,15-01-2019 00:00,58711.59,2960519966,0
200769623,20190129,20190213,08-02-2019 00:00,201.6,1928698631,0
200739534,20191204,20191219,20-12-2019 00:00,4491.87,1930215410,0
200782001,20191004,20191019,17-10-2019 00:00,20907.46,1929920838,0
200769623,20190227,20190314,11-03-2019 00:00,57739.09,1928860071,0
200769623,20200105,20200120,15-01-2020 00:00,2807.37,1930355232,0
200769623,20190916,20191001,26-09-2019 00:00,1509.11,1929877003,0
200769623,20200128,20200212,07-02-2020 00:00,4204.34,1930448686,0
200936373,20191116,20191201,02-12-2019 00:00,98421.27,1930159458,0
200722444,20190611,20190626,24-06-2019 00:00,22570.38,1929475360,0
200769623,20190511,20190526,29-05-2019 00:00,24449.93,1929293423,0
200735528,20190530,20190614,17-06-2019 00:00,15925.86,1929391488,0
200726979,20190816,20190831,03-09-2019 00:00,413.05,1929767810,0
CCU013,20190704,20190704,30-08-2019 00:00,10500.88,1929565238,0
200769623,20190910,20190925,27-09-2019 00:00,8943.41,1929849331,0
200820380,20190804,20190819,19-08-2019 00:00,94657.56,1929698643,0
100031704,20190306,20190510,22-03-2019 00:00,4266.72,1928897052,0
140104409,20190329,20190408,08-04-2019 00:00,64554.73,2960538712,0
200793513,20190227,20190314,14-03-2019 00:00,2956.05,1928859164,0
200794332,20190103,20190118,17-01-2019 00:00,32715.47,1928559746,0
200707822,20190620,20190705,05-07-2019 00:00,56112.28,1929519916,0
200353024,20191003,20191024,16-10-2019 00:00,393.9,1929957716,0
200769623,20190923,20191008,04-10-2019 00:00,53356.86,1929911518,0
200762301,20200131,20200215,18-02-2020 00:00,92626.23,1930451850,0
200705742,20190628,20190801,15-07-2019 00:00,3122.19,1929549085,0
200769623,20190719,20190803,30-07-2019 00:00,5824.36,1929635896,0
100030964,20191122,20191207,27-11-2019 00:00,10150,1930171074,0
200705089,20190226,20190313,13-03-2019 00:00,6428.36,1928857808,0
200726025,20190114,20190129,29-01-2019 00:00,69181.58,1928617517,0
200759878,20191015,20191030,05-11-2019 00:00,29624.08,1930010414,0
200002965,20190508,20190524,16-05-2019 00:00,146007.74,1929279838,0
200769623,20190429,20190514,09-05-2019 00:00,64085.04,1929225239,0
200186937,20200218,20200321,23-03-2020 00:00,13211.1,1930525898,0
200865666,20191106,20191121,21-11-2019 00:00,6766.11,1930118921,0
200769623,20190619,20190704,02-07-2019 00:00,813.21,1929517953,0
200290370,20190824,20190908,09-09-2019 00:00,8678.28,1929770552,0
200769623,20191125,20191210,11-12-2019 00:00,36065.42,1930188976,0
200782669,20190724,20190808,09-08-2019 00:00,2105.91,1929637512,0
200763489,20190506,20190521,22-05-2019 00:00,294.55,1929266213,0
200761734,20190906,20190921,20-09-2019 00:00,27627.35,1929830699,0
200704858,20191010,20191119,19-11-2019 00:00,14820.02,1929991783,0
140106408,20190513,20190523,05-06-2019 00:00,129653.95,2960548306,0
200820380,20190608,20190623,24-06-2019 00:00,88208.41,1929458203,0
200769623,20190319,20190403,05-04-2019 00:00,9568.55,1928979005,0
200769623,20190603,20190618,19-06-2019 00:00,38623.69,1929418656,0
200794332,20190122,20190206,06-02-2019 00:00,34811.88,1928661591,0
200759878,20190817,20190901,04-09-2019 00:00,34550.51,1929745863,0
200739006,20190301,20190316,15-03-2019 00:00,19912.32,1928878856,0
200705742,20190509,20190610,29-05-2019 00:00,20018.63,1929286958,0
200418007,20190711,20190726,26-07-2019 00:00,3670.79,1929581520,0
200424504,20190919,20191015,16-10-2019 00:00,3817.48,1929891024,0
200561861,20190829,20190913,13-09-2019 00:00,99603.3,1929793366,0
200729828,20190208,20190223,25-02-2019 00:00,28321.31,1928765623,0
200148860,20190311,20190515,26-03-2019 00:00,8703.74,1928932371,0
200769623,20190406,20190421,16-04-2019 00:00,50005.2,1929096394,0
CCCA02,20191018,20191122,27-11-2019 00:00,12965.4,1930025812,0
200762301,20190918,20191003,03-10-2019 00:00,137940.22,1929891049,0
200803720,20191224,20200108,30-12-2019 00:00,316.32,1930317208,0
200769623,20190122,20190206,01-02-2019 00:00,15152.87,1928655462,0
200769623,20190904,20190919,16-09-2019 00:00,3226.45,1929823320,0
200516657,20191017,20191101,01-11-2019 00:00,5268.35,1930005021,0
200759878,20190709,20190724,26-07-2019 00:00,28824.23,1929588177,0
200769623,20190922,20191007,02-10-2019 00:00,5247.68,1929908224,0
200706844,20190130,20190214,15-02-2019 00:00,34259.25,1928713729,0
200769623,20190823,20190907,10-09-2019 00:00,796.66,1929773099,0
200769623,20191105,20191120,18-11-2019 00:00,6818.9,1930098617,0
200759878,20200126,20200210,11-02-2020 00:00,50347.1,1930441461,0
200974851,20190507,20190522,22-05-2019 00:00,4533,1929267797,0
200769623,20191109,20191124,20-11-2019 00:00,71680.93,1930132013,0
100001196,20190617,20190702,03-07-2019 00:00,19206.15,1929498255,0
200782001,20190912,20190927,26-09-2019 00:00,33916.4,1929867930,0
200769623,20191021,20191105,31-10-2019 00:00,2441.08,1930034708,0
200769623,20200106,20200121,17-01-2020 00:00,1322.22,1930356049,0
200769623,20191127,20191212,09-12-2019 00:00,16840.17,1930192355,0
200806580,20190717,20190801,30-07-2019 00:00,3174.4,1929625188,0
200458131,20190628,20190713,15-07-2019 00:00,4003.53,1929526828,0
200769623,20190625,20190710,08-07-2019 00:00,2987.37,1929537893,0
200772670,20191002,20191017,16-10-2019 00:00,5753.89,1929950678,0
100030964,20191226,20200110,30-12-2019 00:00,11264,1930317781,0
200466603,20190521,20190605,05-06-2019 00:00,46993,1929352469,0
200741174,20190608,20190623,25-06-2019 00:00,10322.85,1929459901,0
200762301,20190423,20190508,08-05-2019 00:00,84631.93,1929192563,0
200772670,20190731,20190815,13-08-2019 00:00,19178.53,1929684902,0
200707741,20190506,20190521,22-05-2019 00:00,17303.69,1929268780,0
200754118,20190216,20190303,04-03-2019 00:00,2241.06,1928808959,0
200764795,20190403,20190418,19-04-2019 00:00,3905,1929067167,0
200761734,20200109,20200124,23-01-2020 00:00,77355.01,1930379667,0
200561861,20190419,20190504,03-05-2019 00:00,37110.43,1929154748,0
100031704,20190926,20191011,15-10-2019 00:00,59658.27,1929927941,0
200739534,20190312,20190327,29-03-2019 00:00,78206.26,1928954811,0
200769623,20190605,20190620,21-06-2019 00:00,42522.9,1929435724,0
200704858,20190605,20190620,20-06-2019 00:00,86505.43,1929421380,0
200769623,20190418,20190503,29-04-2019 00:00,23206.17,1929157052,0
200580232,20190628,20190708,02-07-2019 00:00,40926.2,1929559131,0
200726979,20190716,20190731,01-08-2019 00:00,187.46,1929625325,0
140104423,20191203,20191215,16-12-2019 00:00,73079.55,2960598219,0
200769623,20190801,20190816,12-08-2019 00:00,14696.95,1929676790,0
100021540,20190828,20190907,11-09-2019 00:00,21834.86,1929806408,0
200592182,20200211,20200224,14-02-2020 00:00,238.44,1930512856,0
200825136,20190122,20190221,15-02-2019 00:00,41886.16,1990562596,0
200714710,20200108,20200123,27-01-2020 00:00,24573.85,1930377123,0
200760428,20190709,20190724,24-07-2019 00:00,15690.33,1929585494,0
200742791,20191015,20191030,30-10-2019 00:00,34049.22,1929989313,0
200875006,20190113,20190128,28-01-2019 00:00,103827.88,1928617646,0
200656729,20200203,20200218,19-02-2020 00:00,28911.07,1930463429,0
200772595,20190312,20190327,27-03-2019 00:00,27861.98,1928940695,0
140106181,20190704,20190721,25-09-2019 00:00,32904,2960560251,0
200769623,20190202,20190217,12-02-2019 00:00,68339.16,1928721723,0
200759878,20191126,20191211,12-12-2019 00:00,47563.73,1930194545,0
200076137,20191031,20191115,26-11-2019 00:00,12971.32,1930072281,0
140104249,20190831,20190919,24-09-2019 00:00,98306.2,2960571883,0
200726979,20191024,20191108,08-11-2019 00:00,55.21,1930054848,0
200759878,20190713,20190728,02-08-2019 00:00,15603,1929612198,0
200706844,20200206,20200221,21-02-2020 00:00,37164.58,1930478392,0
140104331,20191017,20191031,25-10-2019 00:00,17477.28,2960584393,0
200726979,20190227,20190314,14-03-2019 00:00,223.19,1928883817,0
200759878,20190824,20190908,10-09-2019 00:00,12668.17,1929787153,0
200763152,20181231,20190201,04-02-2019 00:00,18295.16,1928537754,0
200769623,20200206,20200221,18-02-2020 00:00,49931.79,1930474543,0
200707741,20190730,20190814,14-08-2019 00:00,70080.05,1929680393,0
200779906,20190218,20190305,06-03-2019 00:00,18540.52,1928809292,0
200230690,20200206,20200224,14-02-2020 00:00,3137.49,1930490004,0
200769623,20190730,20190814,09-08-2019 00:00,15374.86,1929672507,0
200769623,20191127,20191212,09-12-2019 00:00,16578.89,1930193673,0
200622385,20190802,20190903,06-09-2019 00:00,29247.73,1929698154,0
200152991,20190322,20190406,08-04-2019 00:00,214.58,1928966574,0
200707822,20190527,20190611,11-06-2019 00:00,126166.94,1929380595,0
200769623,20190316,20190331,26-03-2019 00:00,16466.67,1928960052,0
200762301,20190903,20190918,18-09-2019 00:00,174549.28,1929823134,0
200759878,20190503,20190518,20-05-2019 00:00,61933.49,1929249464,0
200769623,20190121,20190205,31-01-2019 00:00,15571.87,1928650972,0
200701040,20190726,20190810,13-08-2019 00:00,7428.21,1929645611,0
140104440,20190422,20190502,08-05-2019 00:00,87436.7,2960542299,0
200148860,20191118,20191203,03-12-2019 00:00,59940.98,1930163839,0
200744019,20190116,20190131,08-02-2019 00:00,7664.54,1928633404,0
200900909,20190718,20190802,01-08-2019 00:00,3188.16,1929634995,0
200780383,20200130,20200214,18-02-2020 00:00,46843.59,1930455552,0
200762301,20190415,20190430,30-04-2019 00:00,87553.15,1929147414,0
200769623,20191120,20191205,06-12-2019 00:00,12201.21,1930173353,0
200762301,20191018,20191102,05-11-2019 00:00,46773.72,1930022010,0
200762301,20191009,20191024,24-10-2019 00:00,176117.55,1929995912,0
CCU013,20190211,20190211,29-03-2019 00:00,2989.74,1928762740,0
140105686,20200127,20200209,13-02-2020 00:00,93455.85,2960610438,0
140104423,20190702,20190714,12-07-2019 00:00,295095.32,2960561752,0
200794332,20191030,20191114,13-11-2019 00:00,83555.9,1930066636,0
200704045,20191004,20191019,21-10-2019 00:00,126412.31,1929966569,0
200540723,20190716,20190815,26-08-2019 00:00,45734.76,1929626061,0
200742521,20200122,20200206,04-02-2020 00:00,40573.98,1930426701,0
200714710,20191009,20191024,23-10-2019 00:00,5960.88,1929982296,0
200697207,20190925,20191010,09-10-2019 00:00,27264.71,1929919753,0
CCU013,20190210,20190210,29-03-2019 00:00,10492.2,1928757992,0
200780383,20190214,20190420,22-04-2019 00:00,2644.26,1928795181,0
200744019,20191128,20191213,12-12-2019 00:00,7664.54,1930200342,0
200769623,20190207,20190222,19-02-2019 00:00,3890.57,1928761910,0
200769623,20190407,20190422,17-04-2019 00:00,2173.16,1929098532,0
200769623,20190506,20190521,16-05-2019 00:00,16176.09,1929260010,0
200148860,20191210,20191225,24-12-2019 00:00,27955.28,1930220902,0
200794332,20191007,20191022,21-10-2019 00:00,3338.68,1929962212,0
200799538,20190728,20190812,13-08-2019 00:00,76106.68,1929671239,0
200744019,20200121,20200205,05-02-2020 00:00,19169.77,1930412880,0
200769623,20190614,20190629,25-06-2019 00:00,11007.45,1929486928,0
200331749,20190911,20190926,26-09-2019 00:00,676.66,1929862195,0
200769623,20191126,20191211,13-12-2019 00:00,799.29,1930188625,0
200230690,20190128,20190126,28-01-2019 00:00,12250.59,1928696654,0
200772670,20190514,20190529,29-05-2019 00:00,20895.85,1929318067,0
CCCA02,20190510,20190614,28-06-2019 00:00,13371.75,1929283087,0
200772670,20190718,20190802,02-08-2019 00:00,30021.45,1929635135,0
200794332,20191230,20200114,13-01-2020 00:00,30220.01,1930328798,0
100054349,20190308,20190318,31-05-2019 00:00,4050,,0
200704045,20191122,20191207,09-12-2019 00:00,43171.59,1930184941,0
200769623,20191129,20191214,10-12-2019 00:00,14320.36,1930198531,0
200714710,20190814,20190829,29-08-2019 00:00,6275.42,1929743084,0
200353024,20190226,20190311,04-03-2019 00:00,281.16,1928857936,0
200078795,20190111,20190126,23-01-2019 00:00,3071.82,1928609514,0
200762301,20191025,20191109,12-11-2019 00:00,62022.65,1930049661,0
200769623,20190404,20190419,15-04-2019 00:00,48931.58,1929069113,0
200729290,20190115,20190130,31-01-2019 00:00,36137.8,1928626028,0
200794332,20200207,20200222,21-02-2020 00:00,68260.38,1930488508,0
200762301,20190807,20190822,22-08-2019 00:00,23237.2,1929708965,0
200592182,20190524,20190608,03-06-2019 00:00,899.52,1929374375,0
200769623,20190323,20190407,02-04-2019 00:00,14886.31,1929010111,0
200769623,20190820,20190904,03-09-2019 00:00,11285.34,1929766046,0
200707822,20191105,20191120,20-11-2019 00:00,67098.97,1930104639,0
200182291,20190604,20190809,02-08-2019 00:00,1013.4,1929424465,0
100055606,20190627,20190727,04-10-2019 00:00,19878.53,1991828747,0
140104440,20191206,20191220,27-12-2019 00:00,13135.78,2960597853,0
200769623,20190810,20190825,22-08-2019 00:00,1328.25,1929733419,0
200762301,20190204,20190219,20-02-2019 00:00,7233.04,1928726750,0
100043933,20190509,20190524,16-05-2019 00:00,49885.92,1929239664,0
200078795,20190205,20190220,25-02-2019 00:00,17648.28,1928741966,0
200769623,20191008,20191023,18-10-2019 00:00,5976.03,1929976205,0
200769623,20190710,20190725,22-07-2019 00:00,11740.75,1929587107,0
200759878,20190910,20190925,25-09-2019 00:00,44668.04,1929850021,0
200769623,20190405,20190420,16-04-2019 00:00,200.47,1929089856,0
200705742,20190716,20190805,31-07-2019 00:00,121688.86,1929626817,0
200772670,20191122,20191207,09-12-2019 00:00,51.35,1930187206,0
140104392,20190325,20190406,30-04-2019 00:00,27683.43,2960537234,0
200769623,20190707,20190722,19-07-2019 00:00,7471.9,1929578260,0
200794332,20190921,20191006,07-10-2019 00:00,24380.11,1929903479,0
200900909,20190109,20190124,28-01-2019 00:00,1937.51,1928596738,0
140104249,20190405,20190423,03-05-2019 00:00,7625.1,2960539459,0
200706844,20190718,20190802,05-08-2019 00:00,61292.95,1929626221,0
200772670,20190313,20190328,29-03-2019 00:00,153731.65,1928958428,0
200761734,20191029,20191113,13-11-2019 00:00,62918.75,1930066187,0
140104508,20200107,20200119,24-01-2020 00:00,23703.81,2960605649,0
200759878,20190212,20190227,28-02-2019 00:00,15725.29,1928777718,0
200732755,20191030,20191114,14-11-2019 00:00,71292.26,1930071185,0
200794332,20190426,20190511,10-05-2019 00:00,29409.54,1929207305,0
200418007,20191028,20191112,12-11-2019 00:00,10511.48,1930048830,0
200762301,20190114,20190129,29-01-2019 00:00,58030.04,1928619400,0
200794332,20190409,20190424,23-04-2019 00:00,8041.59,1929107314,0
100031704,20191126,20191211,12-12-2019 00:00,42555.94,1930186629,0
200771157,20190207,20190210,21-02-2019 00:00,84046.45,1928762246,0
200743123,20200131,20200215,18-02-2020 00:00,17702.43,1930458537,0
200592182,20190213,20190224,15-02-2019 00:00,7548.86,1928791522,0
200762301,20190603,20190618,18-06-2019 00:00,25544.2,1929419131,0
CCU013,20190825,20190825,27-09-2019 00:00,924.93,1929769366,0
200915438,20190413,20190428,29-04-2019 00:00,4756.5,1929101840,0
200769623,20191024,20191108,04-11-2019 00:00,19915.05,1930046432,0
200700919,20200206,20200221,21-02-2020 00:00,60713.52,1930494872,0
200780383,20190423,20190508,09-05-2019 00:00,125955.44,1929199864,0
200900909,20200102,20200117,21-01-2020 00:00,43610.26,1930342112,0
200769623,20191105,20191120,22-11-2019 00:00,23355.51,1930098015,0
200705742,20200213,20200316,04-03-2020 00:00,19553.04,1930518275,0
200782001,20190927,20191029,16-10-2019 00:00,9507.42,1929889223,0
140104429,20190329,20190417,22-04-2019 00:00,193076.23,2960538277,0
200721222,20200205,20200220,20-02-2020 00:00,24915.55,1930476646,0
200875006,20190224,20190311,13-03-2019 00:00,48366.13,1928853077,0
200315290,20190416,20190501,01-05-2019 00:00,74407.35,1929156361,0
200726979,20190307,20190322,22-03-2019 00:00,441.47,1928949605,0
200762301,20190610,20190625,25-06-2019 00:00,137954.91,1929459489,0
140104409,20190227,20190311,11-03-2019 00:00,60551.04,2960526569,0
200762301,20190720,20190804,06-08-2019 00:00,33308.39,1929643603,0
200186937,20190307,20190322,25-03-2019 00:00,6673.92,1928923384,0
200769623,20191207,20191222,24-12-2019 00:00,42029.34,1930228655,0
140105678,20191011,20191026,31-10-2019 00:00,7595,2960585181,0
200718130,20190205,20190309,12-03-2019 00:00,13563.46,1928745395,0
200331749,20190813,20190914,03-09-2019 00:00,1639.96,1929742409,0
200793568,20200105,20200120,22-01-2020 00:00,26573.32,1930356869,0
200353024,20191218,20200108,30-12-2019 00:00,2175.68,1930293374,0
200769623,20191208,20191223,26-12-2019 00:00,5442.15,1930225291,0
200772670,20191021,20191105,05-11-2019 00:00,2195.73,1930037992,0
140120967,20200105,20200118,23-01-2020 00:00,78523.58,2960604393,0
200782772,20190331,20190604,04-06-2019 00:00,909.21,1929060833,0
200742791,20190530,20190614,14-06-2019 00:00,72788.13,1929391437,0
200769623,20190130,20190214,11-02-2019 00:00,11932.34,1928709031,0
200759878,20190702,20190717,22-07-2019 00:00,30489.96,1929566767,0
200705372,20191029,20191113,13-11-2019 00:00,60473.97,1930056648,0
200396637,20190327,20190426,26-04-2019 00:00,52275.96,1929028112,0
140103480,20191004,20191118,25-11-2019 00:00,16796.4,1991833022,0
200792734,20190610,20190625,26-07-2019 00:00,95060.08,1929463903,0
200769623,20200110,20200125,27-01-2020 00:00,12845.29,1930382883,0
200777735,20191023,20191107,06-11-2019 00:00,46562.29,1930045883,0
200769623,20190430,20190515,10-05-2019 00:00,38071.15,1929221642,0
200759878,20190227,20190314,14-03-2019 00:00,41936.88,1928871912,0
200769623,20190719,20190803,31-07-2019 00:00,15022.45,1929633565,0
200769623,20190123,20190207,04-02-2019 00:00,2764.57,1928669722,0
200762301,20200108,20200123,23-01-2020 00:00,767.69,1930362982,0
200772595,20191124,20191209,09-12-2019 00:00,2616.56,1930189396,0
200769623,20191210,20191225,20-12-2019 00:00,25459.77,1930256530,0
100036153,20190415,20190430,01-05-2019 00:00,34083,1929138936,0
140104423,20190320,20190331,29-03-2019 00:00,83891.25,2960536239,0
200769623,20190218,20190305,01-03-2019 00:00,9870.64,1928810543,0
200561861,20200116,20200131,31-01-2020 00:00,3501.12,1930403224,0
200772670,20190617,20190702,03-07-2019 00:00,107085.81,1929505983,0
200769623,20190725,20190809,05-08-2019 00:00,8443.79,1929657183,0
200803720,20190222,20190311,04-03-2019 00:00,6317.02,1928844201,0
200799367,20200123,20200207,07-02-2020 00:00,5911.89,1930409445,0
200782669,20190604,20190706,25-06-2019 00:00,18964.5,1929408705,0
200707822,20190711,20190726,29-07-2019 00:00,101516.81,1929603200,0
200148860,20200223,20200309,09-03-2020 00:00,77063.71,1930557194,0
200726979,20200223,20200309,09-03-2020 00:00,270.98,1930559751,0
100050364,20190924,20191009,09-10-2019 00:00,21854.17,1929914988,0
200455322,20200103,20200202,06-02-2020 00:00,52609.5,1930342822,0
200769623,20190920,20191005,01-10-2019 00:00,69168.79,1929879578,0
200759878,20190206,20190412,15-04-2019 00:00,9574.23,1928747911,0
200769623,20190710,20190725,22-07-2019 00:00,42101.32,1929593833,0
200778870,20191022,20191106,07-11-2019 00:00,87889.33,1930040948,0
200816950,20190401,20190501,27-06-2019 00:00,66200.63,1990567018,0
CCCA02,20190814,20190918,27-09-2019 00:00,13371.75,1929739740,0
200722369,20191229,20200113,14-01-2020 00:00,54190,1930324593,0
200762301,20200224,20200310,10-03-2020 00:00,21115.99,1930558027,0
200748108,20191111,20191126,26-11-2019 00:00,9501.2,1930138131,0
200726979,20191009,20191024,24-10-2019 00:00,616.9,1929989808,0
200769623,20190930,20191015,15-10-2019 00:00,1917.93,1929941513,0
200769623,20191020,20191104,26-11-2019 00:00,38742.26,1930034525,0
140106408,20200209,20200219,05-03-2020 00:00,21055.82,2960613516,0
200769623,20190517,20190601,29-05-2019 00:00,46917.02,1929329984,0
200769623,20190620,20190705,02-07-2019 00:00,66729.76,1929513956,0
200759878,20190130,20190214,15-02-2019 00:00,15725.29,1928697745,0
200769623,20190724,20190808,09-08-2019 00:00,56220.29,1929653098,0
200777735,20190306,20190321,20-03-2019 00:00,18826.29,1928894099,0
200769623,20191217,20200101,27-12-2019 00:00,43065.78,1930283832,0
200936373,20191105,20191120,20-11-2019 00:00,52476.6,1930099373,0
100027772,20190904,20190919,11-09-2019 00:00,24890.53,1929830609,0
200769623,20190915,20190930,25-09-2019 00:00,15959.27,1929876748,0
200741831,20190429,20190514,03-07-2019 00:00,22846.23,1929226249,0
CCCA02,20191008,20191112,27-11-2019 00:00,12965.4,1929982888,0
200002965,20190306,20190324,18-03-2019 00:00,42406.08,1928915436,0
100034087,20190131,20190401,01-03-2019 00:00,6847.5,1991821701,0
200780383,20190825,20190909,13-09-2019 00:00,2805.72,1929791948,0
200718130,20190417,20190519,21-05-2019 00:00,12565.94,1929134540,0
200797452,20190809,20190829,28-08-2019 00:00,31695.7,1929709321,0
200769623,20190314,20190329,25-03-2019 00:00,11498.4,1928959488,0
200769623,20200226,20200312,09-03-2020 00:00,14606.76,1930570003,0
200771157,20200226,20200312,12-03-2020 00:00,48422.62,1930571102,0
200782001,20190731,20190901,04-09-2019 00:00,72841.81,1929667049,0
200761734,20200218,20200304,03-03-2020 00:00,65812.29,1930538197,0
200769623,20190815,20190830,26-08-2019 00:00,46530.04,1929739206,0
200794332,20190816,20190831,30-08-2019 00:00,15388.33,1929749630,0
200769623,20190621,20190706,02-07-2019 00:00,28230.28,1929522179,0
200769623,20191031,20191115,13-11-2019 00:00,39710.11,1930077343,0
200711029,20190118,20190202,04-02-2019 00:00,44211.28,1928633685,0
200761734,20190122,20190206,11-02-2019 00:00,69787.13,1928657473,0
100043936,20190521,20190531,31-05-2019 00:00,15501.15,1929357120,0
140106408,20190714,20190724,07-08-2019 00:00,112277.85,2960564393,0
200331749,20190312,20190327,26-03-2019 00:00,13609.26,1928955958,0
200793513,20200115,20200130,30-01-2020 00:00,2646.76,1930402456,0
200759878,20190730,20190814,15-08-2019 00:00,42015.44,1929677112,0
100000217,20190322,20190406,01-04-2019 00:00,9620.05,1928976926,0
200736312,20190916,20191001,02-10-2019 00:00,17122.38,1929878167,0
200752302,20190916,20191001,01-10-2019 00:00,13733.1,1929874975,0
140106408,20190418,20190507,13-05-2019 00:00,2367.26,2960542389,0
200744019,20190722,20190806,12-08-2019 00:00,5268.84,1929646201,0
100031704,20191001,20191016,16-10-2019 00:00,41660.19,1929950104,0
140104423,20191126,20191208,16-12-2019 00:00,15694.44,2960595883,0
200773364,20191216,20191231,31-12-2019 00:00,70153.63,1930281645,0
CCCA02,20190323,20190427,03-05-2019 00:00,11679.84,1928999288,0
200769623,20190816,20190831,27-08-2019 00:00,52513.61,1929752709,0
200707005,20191109,20191124,25-11-2019 00:00,114985.36,1930128425,0
200592182,20190426,20190509,01-05-2019 00:00,195.84,1929208993,0
200794332,20190712,20190727,26-07-2019 00:00,50116.83,1929613314,0
200769623,20190729,20190813,08-08-2019 00:00,3226.45,1929670409,0
200725421,20190820,20190909,09-09-2019 00:00,101265.2,1929766165,0
200769623,20190620,20190705,02-07-2019 00:00,943.12,1929519489,0
200847305,20190613,20190623,25-06-2019 00:00,61357.5,1929472265,0
200744019,20190724,20190808,13-08-2019 00:00,7831.77,1929660959,0
200707822,20200218,20200304,04-03-2020 00:00,670.48,1930539350,0
200769623,20190512,20190527,23-05-2019 00:00,5514.9,1929294833,0
200707822,20190818,20190902,03-09-2019 00:00,109779.71,1929760067,0
200774000,20190410,20190425,24-04-2019 00:00,33759.2,1929110519,0
200769623,20190627,20190712,08-07-2019 00:00,12789.81,1929548860,0
200769623,20190220,20190307,04-03-2019 00:00,20902.08,1928818680,0
200769623,20191101,20191116,13-11-2019 00:00,56516.85,1930077795,0
200799538,20191016,20191031,01-11-2019 00:00,78568.93,1930019410,0
200769623,20191115,20191130,26-11-2019 00:00,471.56,1930158243,0
200761734,20200218,20200304,03-03-2020 00:00,17272,1930537363,0
200769623,20191219,20200103,27-12-2019 00:00,65314.07,1930284005,0
200769623,20200210,20200225,20-02-2020 00:00,6556.63,1930506187,0
CCU013,20190223,20190223,29-03-2019 00:00,13611.56,1928848886,0
200762301,20191022,20191106,06-11-2019 00:00,1826.71,1930036639,0
200793568,20190129,20190213,13-02-2019 00:00,49858.61,1928693251,0
140104429,20190915,20190927,30-09-2019 00:00,22951.95,2960577863,0
100018048,20200130,20200211,13-02-2020 00:00,94068.31,2960611731,0
140104409,20190329,20190418,22-04-2019 00:00,163924.23,2960538343,0
200794332,20191022,20191106,08-11-2019 00:00,85393.16,1930035546,0
200769623,20190713,20190728,29-07-2019 00:00,6296.06,1929612818,0
140105686,20190131,20190211,19-02-2019 00:00,10335.64,2960526427,0
200126819,20190508,20190523,22-05-2019 00:00,768.6,1929232181,0
CCU013,20190628,20190628,02-08-2019 00:00,1109.46,1929535036,0
200769623,20190428,20190513,14-05-2019 00:00,14171.95,1929213646,0
200078795,20190926,20191011,11-10-2019 00:00,879.55,1929928390,0
200794332,20190516,20190531,20-05-2019 00:00,30449.52,1929322813,0
200793319,20191016,20191031,23-10-2019 00:00,9212.24,1929995795,0
200416837,20190807,20190808,12-08-2019 00:00,17697.76,1929716013,0
200759878,20190605,20190620,21-06-2019 00:00,30593.07,1929432855,0
200769623,20190607,20190622,18-06-2019 00:00,38632.11,1929445552,0
200799367,20190103,20190118,22-01-2019 00:00,158099.22,1928551881,0
200726979,20200102,20200117,17-01-2020 00:00,13681.94,1930332990,0
CCU013,20191109,20191109,20-12-2019 00:00,19944,1930133416,0
200769623,20190104,20190119,16-01-2019 00:00,43074.48,1928574117,0
200726979,20190308,20190323,25-03-2019 00:00,452.85,1928946798,0
200337148,20190521,20190605,06-06-2019 00:00,25555.87,1929350960,0
200769623,20191008,20191023,18-10-2019 00:00,51316.99,1929975900,0
200769623,20200223,20200309,04-03-2020 00:00,3270.04,1930559504,0
200769623,20190129,20190213,11-02-2019 00:00,65.75,1928699179,0
100031704,20190703,20190718,05-08-2019 00:00,16986.63,1929571272,0
200769623,20191023,20191107,04-11-2019 00:00,2352.97,1930046808,0
100021540,20200110,20200509,30-04-2020 00:00,4400,1930384453,0
200769623,20190306,20190321,18-03-2019 00:00,17567.2,1928902511,0
200772670,20190529,20190613,13-06-2019 00:00,41653.84,1929398451,0
200797452,20190509,20190529,29-05-2019 00:00,23540.7,1929286462,0
200721530,20191104,20191119,20-11-2019 00:00,55678.02,1930100775,0
100016691,20190806,20190905,25-09-2019 00:00,12394.13,1929710183,0
140104249,20190610,20190627,02-07-2019 00:00,72084.63,2960553938,0
200769623,20200120,20200204,03-02-2020 00:00,16123.4,1930415561,0
200974851,20190618,20190703,03-07-2019 00:00,9432.63,1929513775,0
200764795,20190325,20190409,09-04-2019 00:00,40850.51,1929017221,0
200762301,20190417,20190621,02-05-2019 00:00,17046.08,1929162223,0
200729942,20190908,20190923,24-09-2019 00:00,2499.28,1929849059,0
140105847,20191009,20191020,21-10-2019 00:00,53452.92,2960583867,0
200794332,20190301,20190316,15-03-2019 00:00,555.77,1928876992,0
200772595,20200226,20200312,12-03-2020 00:00,77825.48,1930565921,0
200769623,20190405,20190420,16-04-2019 00:00,22014.67,1929091058,0
200744019,20191027,20191111,12-11-2019 00:00,6465.64,1930052144,0
200712105,20190417,20190502,03-05-2019 00:00,103259.34,1929167904,0
140106408,20190219,20190228,14-03-2019 00:00,9968.59,2960529096,0
200418007,20190808,20190823,23-08-2019 00:00,1925.28,1929693375,0
200684768,20190705,20190804,03-08-2019 00:00,21127.45,1929579189,0
200769623,20181231,20190115,10-01-2019 00:00,49718.86,1928540253,0
200875006,20190524,20190608,10-06-2019 00:00,109046.65,1929374628,0
200881076,20190331,20190415,15-04-2019 00:00,97632.47,1929057016,0
200384836,20190408,20190612,23-04-2019 00:00,90.34,1929104642,0
100014810,20190422,20190509,17-05-2019 00:00,14124.62,2960543063,0
200794332,20190315,20190330,28-03-2019 00:00,8688.96,1928960407,0
200769623,20190509,20190524,20-05-2019 00:00,43590.24,1929286370,0
200253680,20190617,20190702,02-07-2019 00:00,46704,1929506182,0
200762301,20190314,20190329,28-03-2019 00:00,1187.34,1928955894,0
200858049,20190227,20190314,14-03-2019 00:00,2030,1928877044,0
200726979,20190824,20190908,09-09-2019 00:00,250.67,1929780677,0
200020431,20190221,20190311,04-03-2019 00:00,836.64,1928830173,0
200705372,20191122,20191207,09-12-2019 00:00,80153.45,1930179110,0
200769623,20190523,20190607,03-06-2019 00:00,63511.25,1929365767,0
200744019,20190302,20190317,26-03-2019 00:00,4071.02,1928886670,0
200759878,20190221,20190308,11-03-2019 00:00,14869.29,1928825726,0
200769623,20200225,20200311,06-03-2020 00:00,1898.2,1930559916,0
200780383,20190927,20191012,17-10-2019 00:00,77857.86,1929934440,0
200739534,20191026,20191110,12-11-2019 00:00,389.01,1930055061,0
200779051,20190819,20190903,26-08-2019 00:00,48052.16,1929761066,0
200769623,20191103,20191118,13-11-2019 00:00,256.91,1930094892,0
200769623,20190717,20190801,29-07-2019 00:00,8978.58,1929627147,0
200726979,20190415,20190430,30-04-2019 00:00,892.29,1929127398,0
200704858,20190221,20190308,08-03-2019 00:00,46134.82,1928831628,0
140104249,20191102,20191121,27-11-2019 00:00,90986.66,2960590354,0
200769623,20190313,20190328,25-03-2019 00:00,15769.31,1928948911,0
200772595,20190707,20190722,22-07-2019 00:00,130358.77,1929585477,0
200820380,20190324,20190528,28-05-2019 00:00,8802.96,1929017249,0
140104409,20191005,20191018,18-10-2019 00:00,208483.53,2960584922,0
200769623,20190506,20190521,16-05-2019 00:00,4041.13,1929263452,0
100031704,20191104,20191119,21-11-2019 00:00,17668.84,1930096805,0
200769623,20190123,20190207,08-05-2019 00:00,871.01,1928675163,0
200769623,20190419,20190504,30-04-2019 00:00,11565.39,1929174490,0
200769623,20190105,20190120,23-01-2019 00:00,37553.83,1928571288,0
200759878,20190307,20190322,22-03-2019 00:00,51212.86,1928902016,0
140104409,20190814,20190825,26-08-2019 00:00,118549.87,2960571762,0
200794332,20190501,20190516,16-05-2019 00:00,20557.14,1929230575,0
200797452,20191018,20191102,08-11-2019 00:00,38985.78,1930022091,0
200769623,20191021,20191105,01-11-2019 00:00,277.38,1930035927,0
200769623,20190909,20190924,19-09-2019 00:00,9103,1929845903,0
140104472,20190916,20190927,02-10-2019 00:00,12239.64,2960580209,0
200792734,20191008,20191023,22-10-2019 00:00,12678.92,1929956575,0
200761734,20190619,20190704,03-07-2019 00:00,65661.98,1929514123,0
200772670,20190326,20190410,11-04-2019 00:00,2844.05,1929033442,0
200726979,20190312,20190327,28-03-2019 00:00,49967.42,1928943792,0
200520353,20191007,20191022,15-10-2019 00:00,32581.11,1929974100,0
200769623,20191119,20191204,02-12-2019 00:00,23001.61,1930168825,0
200762301,20191031,20191115,15-11-2019 00:00,66673.16,1930071594,0
200769623,20190401,20190416,11-04-2019 00:00,844.32,1929058035,0
200782001,20191106,20191208,17-12-2019 00:00,23353.81,1930087197,0
200756072,20191018,20191102,01-11-2019 00:00,5940.64,1930008002,0
200865666,20190725,20190814,14-08-2019 00:00,1369.35,1929665448,0
200769623,20190421,20190506,01-05-2019 00:00,5824.36,1929182814,0
200769623,20191002,20191017,15-10-2019 00:00,16482.03,1929950220,0
200769623,20191027,20191111,06-11-2019 00:00,22264.62,1930055906,0
200769623,20200121,20200205,31-01-2020 00:00,54752.1,1930414463,0
100031704,20191121,20191206,10-12-2019 00:00,45824.17,1930182496,0
100001196,20190807,20190822,23-08-2019 00:00,7178.6,1929702632,0
200936373,20200203,20200218,18-02-2020 00:00,133692.28,1930471468,0
200792734,20191011,20191026,25-10-2019 00:00,32895.6,1930002037,0
200769623,20190107,20190122,23-01-2019 00:00,21952.36,1928574038,0
200726979,20190522,20190606,06-06-2019 00:00,54077.01,1929357687,0
200148860,20190716,20190731,31-07-2019 00:00,16207.68,1929620886,0
200706844,20191024,20191108,08-11-2019 00:00,13672.96,1930046062,0
200936373,20190607,20190622,24-06-2019 00:00,42086.65,1929436443,0
200705742,20190423,20190513,08-05-2019 00:00,45611.53,1929187253,0
200772670,20190918,20191122,22-11-2019 00:00,14511.51,1929890291,0
200792293,20191028,20191112,12-11-2019 00:00,164102.02,1930056477,0
100027362,20190904,20190916,11-09-2019 00:00,5023.2,2960577272,0
200769623,20190307,20190322,18-03-2019 00:00,2596.57,1928921682,0
200799367,20190205,20190220,20-02-2019 00:00,39902.71,1928731754,0
200769623,20191203,20191218,13-12-2019 00:00,52394.64,1930209323,0
140104429,20190125,20190208,13-02-2019 00:00,11006.92,2960524821,0
200769623,20190316,20190331,02-04-2019 00:00,736.12,1928970106,0
200769623,20200209,20200224,19-02-2020 00:00,15117.76,1930502979,0
200769623,20200216,20200302,26-02-2020 00:00,43898.36,1930532020,0
200769623,20191204,20191219,16-12-2019 00:00,17424.99,1930211321,0
200769623,20191020,20191104,30-10-2019 00:00,15627.36,1930034207,0
200769623,20190429,20190514,13-05-2019 00:00,2081.36,1929225590,0
200769623,20190108,20190123,22-01-2019 00:00,44177.3,1928589466,0
200707822,20190315,20190330,01-04-2019 00:00,134715.22,1928969411,0
200416837,20190805,20190808,09-08-2019 00:00,22034.83,1929703276,0
200772595,20190210,20190225,25-02-2019 00:00,12483.48,1928772751,0
200820380,20190414,20190618,18-06-2019 00:00,2854.37,1929133797,0
200769623,20190325,20190409,05-04-2019 00:00,41651.52,1929018348,0
140103400,20190714,20190813,31-07-2019 00:00,1268.4,1991829808,0
200794332,20200115,20200130,03-02-2020 00:00,13756.39,1930402111,0
200769623,20191026,20191110,05-11-2019 00:00,129.47,1930054289,0
200706844,20190903,20190918,18-09-2019 00:00,49845.87,1929827029,0
200759878,20200104,20200119,21-01-2020 00:00,33785.25,1930354113,0
200457993,20190911,20191001,01-10-2019 00:00,1008.72,1929828911,0
200704858,20190824,20190908,09-09-2019 00:00,44930.59,1929786156,0
200762301,20190109,20190124,24-01-2019 00:00,20131.75,1928583587,0
200744019,20190426,20190511,16-05-2019 00:00,4324.32,1929206339,0
200769623,20190811,20190826,21-08-2019 00:00,16529.45,1929730768,0
200353024,20190806,20190824,16-08-2019 00:00,35.4,1929709598,0
200769623,20191028,20191112,07-11-2019 00:00,18466.35,1930058479,0
200778355,20191025,20191109,15-11-2019 00:00,692.3,1930053461,0
200770567,20190520,20190604,31-05-2019 00:00,19221.43,1929336865,0
200769623,20191207,20191222,17-12-2019 00:00,26528.62,1930226406,0
200762301,20190313,20190328,28-03-2019 00:00,96289.43,1928944646,0
200748108,20200211,20200226,26-02-2020 00:00,84804.07,1930513033,0
200974851,20200109,20200124,24-01-2020 00:00,1685.78,1930377263,0
200705742,20191111,20191215,13-12-2019 00:00,10031.98,1930136636,0
200761734,20190417,20190502,01-05-2019 00:00,30382.85,1929154639,0
200769623,20190815,20190830,26-08-2019 00:00,4768.18,1929749597,0
200769623,20191217,20200101,27-12-2019 00:00,58622.76,1930287543,0
200375138,20190126,20190225,11-03-2019 00:00,77351.38,1928677552,0
200744019,20190427,20190512,10-05-2019 00:00,960.96,1929214895,0
200763814,20190829,20190913,16-09-2019 00:00,11787.44,1929807566,0
200706844,20190519,20190603,04-06-2019 00:00,72588.91,1929340073,0
200744019,20190620,20190705,05-07-2019 00:00,12553.3,1929512494,0
200762301,20191008,20191023,23-10-2019 00:00,42776.15,1929981190,0
200769623,20190413,20190428,26-04-2019 00:00,25881.02,1929139178,0
200744019,20190810,20191108,05-11-2019 00:00,227.05,1929726083,0
200726979,20190918,20191003,03-10-2019 00:00,230.38,1929882023,0
200769623,20190222,20190309,05-03-2019 00:00,991.22,1928845643,0
140104429,20191017,20191028,28-10-2019 00:00,2648.34,2960586821,0
200148860,20190206,20190412,21-02-2019 00:00,1214.71,1928746469,0
200769623,20190805,20190820,21-08-2019 00:00,14728.76,1929700546,0
200769623,20190407,20190422,18-04-2019 00:00,59585.92,1929100851,0
200794332,20190110,20190125,24-01-2019 00:00,20119.97,1928594184,0
100021966,20200103,20200103,03-01-2020 00:00,3877.8,1930328028,0
200769623,20181230,20190114,10-01-2019 00:00,26130.42,1928542641,0
200780383,20190103,20190118,18-01-2019 00:00,52751.87,1928552866,0
200744019,20200113,20200128,29-01-2020 00:00,35533.85,1930395261,0
CCCA02,20190213,20190320,29-03-2019 00:00,16068,1928778804,0
200769623,20190726,20190810,06-08-2019 00:00,14298.37,1929664341,0
100029811,20191206,20191221,27-12-2019 00:00,23948.02,1930229283,0
200891601,20190606,20190706,25-07-2019 00:00,14138.79,1929445611,0
200769623,20191005,20191020,16-10-2019 00:00,12326.09,1929962117,0
200752607,20200218,20200304,27-02-2020 00:00,39705.11,1930533793,0
200792734,20190122,20190206,05-02-2019 00:00,139728.58,1928659586,0
140105686,20190730,20190818,22-08-2019 00:00,3094.4,2960566966,0
100031704,20190327,20190531,31-05-2019 00:00,867.57,1929029889,0
