,cust_number,Invoice_No,invoice_create_date,due_in_date,clear_date,Invoice Amount,paid_Amount,status,delay,rating
488,101,INV222,2018-12-30,2019-01-14,2019-07-09,15000,15000,Fully,176.0,risk
634,104,INV285,2019-01-03,2019-01-18,2019-01-17,75000,75000,Fully,-1.0,excellent
430,107,INV198,2019-01-04,2019-01-19,2019-01-15,65000,65000,Fully,-4.0,excellent
22,100,INV11,2019-01-05,2019-01-20,2019-04-18,65000,10000,Partial,88.0,risk
23,100,INV11,2019-01-05,2019-01-20,,55000,0,not paid,,risk
556,100,INV251,2019-01-07,2019-01-19,2019-01-24,75000,10000,Partial,5.0,good
188,107,INV88,2019-01-07,2019-01-22,2019-01-23,25000,15000,Partial,1.0,good
558,100,INV251,2019-01-07,2019-01-19,2019-05-30,55000,55000,Fully,131.0,risk
557,100,INV251,2019-01-07,2019-01-19,2019-02-27,65000,10000,Partial,39.0,high risk
189,107,INV88,2019-01-07,2019-01-22,2019-01-29,10000,10000,Fully,7.0,low risk
448,104,INV205,2019-01-07,2019-01-22,2019-01-22,7000,7000,Fully,0.0,excellent
447,104,INV205,2019-01-07,2019-01-22,2019-01-18,15000,8000,Partial,-4.0,excellent
381,104,INV175,2019-01-08,2019-01-23,2019-01-23,35000,35000,Fully,0.0,excellent
164,106,INV77,2019-01-10,2019-01-25,2019-02-25,55000,55000,Fully,31.0,high risk
629,102,INV283,2019-01-12,2019-01-27,2019-01-30,60000,20000,Partial,3.0,good
659,106,INV297,2019-01-12,2019-01-27,,20000,0,not paid,,risk
658,106,INV297,2019-01-12,2019-01-27,2019-01-19,40000,20000,Partial,-8.0,excellent
657,106,INV297,2019-01-12,2019-01-27,2019-02-18,47000,7000,Partial,22.0,high risk
628,102,INV283,2019-01-12,2019-01-27,2019-01-28,65000,5000,Partial,1.0,good
631,102,INV283,2019-01-12,2019-01-27,,20000,0,not paid,,risk
630,102,INV283,2019-01-12,2019-01-27,2019-02-24,40000,20000,Partial,28.0,high risk
656,106,INV297,2019-01-12,2019-01-27,2019-04-28,50000,3000,Partial,91.0,risk
262,101,INV122,2019-01-12,2019-02-16,2019-06-01,25000,15000,Partial,105.0,risk
264,101,INV122,2019-01-12,2019-02-16,,7000,0,not paid,,risk
263,101,INV122,2019-01-12,2019-02-16,2019-03-12,10000,3000,Partial,24.0,high risk
665,109,INV300,2019-01-14,2019-01-29,2019-01-31,65000,65000,Fully,2.0,good
471,105,INV216,2019-01-14,2019-01-29,2019-01-24,70000,30000,Partial,-5.0,excellent
485,109,INV220,2019-01-14,2019-01-29,2019-01-30,40000,40000,Fully,1.0,good
472,105,INV216,2019-01-14,2019-01-29,2019-01-28,40000,40000,Fully,-1.0,excellent
484,109,INV220,2019-01-14,2019-01-29,2019-02-28,90000,50000,Partial,30.0,high risk
463,100,INV211,2019-01-15,2019-01-30,,4000,0,not paid,,risk
460,100,INV211,2019-01-15,2019-01-30,2019-02-01,45000,5000,Partial,2.0,good
462,100,INV211,2019-01-15,2019-01-30,2019-05-20,10000,6000,Partial,110.0,risk
461,100,INV211,2019-01-15,2019-01-30,2019-05-10,40000,30000,Partial,100.0,risk
71,100,INV31,2019-01-17,2019-02-01,2019-05-10,20000,20000,Fully,98.0,risk
70,100,INV31,2019-01-17,2019-02-01,,40000,0,not paid,,risk
69,100,INV31,2019-01-17,2019-02-01,2019-04-07,80000,40000,Partial,65.0,risk
673,102,INV303,2019-01-21,2019-02-09,2019-02-15,80000,30000,Partial,6.0,low risk
674,102,INV303,2019-01-21,2019-02-09,2019-02-19,50000,45090,Partial,10.0,low risk
618,107,INV278,2019-01-21,2019-02-05,2019-02-05,40000,10000,Partial,0.0,excellent
620,107,INV278,2019-01-21,2019-02-05,2019-02-09,10000,10000,Fully,4.0,good
675,102,INV303,2019-01-21,2019-02-09,2019-02-25,4910,4910,Fully,16.0,high risk
619,107,INV278,2019-01-21,2019-02-05,2019-02-07,30000,20000,Partial,2.0,good
296,108,INV139,2019-01-22,2019-02-06,2019-02-06,25000,25000,Fully,0.0,excellent
416,101,INV192,2019-01-25,2019-02-09,2019-02-08,35000,5000,Partial,-1.0,excellent
417,101,INV192,2019-01-25,2019-02-09,2019-02-09,30000,15000,Partial,0.0,excellent
418,101,INV192,2019-01-25,2019-02-09,,15000,0,not paid,,risk
362,106,INV167,2019-01-29,2019-02-13,2019-02-18,70000,70000,Fully,5.0,good
361,106,INV167,2019-01-29,2019-02-13,2019-02-08,80000,10000,Partial,-5.0,excellent
117,103,INV54,2019-01-30,2019-02-14,2019-02-14,25000,5000,Partial,0.0,excellent
118,103,INV54,2019-01-30,2019-02-14,2019-02-14,20000,20000,Fully,0.0,excellent
235,108,INV109,2019-01-31,2019-02-15,2019-03-02,4000,4000,Fully,15.0,low risk
234,108,INV109,2019-01-31,2019-02-15,2019-02-19,45000,41000,Partial,4.0,good
282,101,INV132,2019-02-01,2019-02-16,2019-02-19,75000,5000,Partial,3.0,good
283,101,INV132,2019-02-01,2019-02-16,2019-05-12,70000,10000,Partial,85.0,risk
284,101,INV132,2019-02-01,2019-02-16,2019-05-19,60000,10000,Partial,92.0,risk
285,101,INV132,2019-02-01,2019-02-16,,50000,0,not paid,,risk
683,105,INV306,2019-02-02,2019-02-17,,78879,0,not paid,,risk
681,105,INV306,2019-02-02,2019-02-17,2019-02-14,90000,5678,Partial,-3.0,excellent
680,105,INV306,2019-02-02,2019-02-17,2019-02-12,95000,5000,Partial,-5.0,excellent
682,105,INV306,2019-02-02,2019-02-17,2019-02-19,84322,5443,Partial,2.0,good
515,103,INV234,2019-02-04,2019-04-10,2019-04-11,75000,30000,Partial,1.0,good
516,103,INV234,2019-02-04,2019-04-10,2019-04-19,40000,40000,Fully,9.0,low risk
57,104,INV25,2019-02-04,2019-02-19,2019-02-20,7000,7000,Fully,1.0,good
56,104,INV25,2019-02-04,2019-02-19,2019-02-19,50000,43000,Partial,0.0,excellent
142,105,INV66,2019-02-05,2019-02-20,2019-02-23,5000,5000,Fully,3.0,good
141,105,INV66,2019-02-05,2019-02-20,2019-02-19,85000,80000,Partial,-1.0,excellent
387,107,INV178,2019-02-06,2019-02-21,2019-02-21,50000,5000,Partial,0.0,excellent
388,107,INV178,2019-02-06,2019-02-21,2019-02-22,45000,5000,Partial,1.0,good
389,107,INV178,2019-02-06,2019-02-21,2019-02-23,40000,30000,Partial,2.0,good
390,107,INV178,2019-02-06,2019-02-21,2019-02-24,10000,10000,Fully,3.0,good
127,107,INV58,2019-02-07,2019-02-22,2019-03-06,20000,20000,Fully,12.0,low risk
126,107,INV58,2019-02-07,2019-02-22,2019-02-28,40000,20000,Partial,6.0,low risk
125,107,INV58,2019-02-07,2019-02-22,2019-02-25,45000,5000,Partial,3.0,good
266,102,INV123,2019-02-07,2019-02-22,2019-03-20,15000,15000,Fully,26.0,high risk
265,102,INV123,2019-02-07,2019-02-22,2019-02-20,30000,15000,Partial,-2.0,excellent
30,104,INV15,2019-02-12,2019-02-27,2019-02-27,85000,25000,Partial,0.0,excellent
32,104,INV15,2019-02-12,2019-02-27,,60000,0,not paid,,risk
31,104,INV15,2019-02-12,2019-02-27,,65000,5000,Partial,,risk
536,103,INV244,2019-02-13,2019-02-28,2019-02-25,40000,40000,Fully,-3.0,excellent
18,109,INV10,2019-02-16,2019-03-03,2019-04-15,60000,20000,Partial,43.0,high risk
21,109,INV10,2019-02-16,2019-03-03,,30000,0,not paid,,risk
20,109,INV10,2019-02-16,2019-03-03,2019-04-18,38000,8000,Partial,46.0,risk
19,109,INV10,2019-02-16,2019-03-03,2019-04-16,40000,2000,Partial,44.0,high risk
664,108,INV299,2019-02-18,2019-03-05,2019-03-09,53000,53000,Fully,4.0,good
663,108,INV299,2019-02-18,2019-03-05,2019-03-06,60000,7000,Partial,1.0,good
551,109,INV250,2019-02-19,2019-03-25,2019-05-10,60000,10000,Partial,46.0,risk
552,109,INV250,2019-02-19,2019-03-25,2019-05-12,50000,10000,Partial,48.0,risk
553,109,INV250,2019-02-19,2019-03-25,2019-05-13,40000,10000,Partial,49.0,risk
554,109,INV250,2019-02-19,2019-03-25,,30000,0,not paid,,risk
550,109,INV250,2019-02-19,2019-03-25,2019-04-07,70000,10000,Partial,13.0,low risk
122,105,INV56,2019-02-19,2019-03-06,2019-03-07,35000,35000,Fully,1.0,good
555,109,INV250,2019-02-19,2019-03-25,2019-03-29,20000,20000,Fully,4.0,good
469,103,INV214,2019-02-21,2019-03-08,2019-03-08,60000,60000,Fully,0.0,excellent
29,103,INV14,2019-02-21,2019-04-27,2019-05-18,40000,40000,Fully,21.0,high risk
27,103,INV14,2019-02-21,2019-04-27,2019-04-29,80000,30000,Partial,2.0,good
28,103,INV14,2019-02-21,2019-04-27,2019-05-12,50000,10000,Partial,15.0,low risk
509,101,INV232,2019-02-24,2019-02-24,,35000,35000,Fully,,risk
508,101,INV232,2019-02-24,2019-02-24,2019-03-29,65000,30000,Partial,33.0,high risk
290,105,INV136,2019-02-25,2019-05-01,2019-03-12,95000,92500,Partial,-50.0,excellent
291,105,INV136,2019-02-25,2019-05-01,2019-03-22,2500,2500,Fully,-40.0,excellent
11,105,INV6,2019-02-26,2019-03-13,2019-03-15,40000,5000,Partial,2.0,good
12,105,INV6,2019-02-26,2019-03-13,,35000,0,not paid,,risk
689,109,INV310,2019-02-28,2019-03-15,2019-06-19,30000,30000,Fully,96.0,risk
49,101,INV22,2019-03-04,2019-03-19,2019-07-17,25000,5000,Partial,120.0,risk
48,101,INV22,2019-03-04,2019-03-19,2019-09-14,35000,10000,Partial,179.0,risk
50,101,INV22,2019-03-04,2019-03-19,,20000,0,not paid,,risk
148,108,INV69,2019-03-05,2019-03-20,2019-03-19,15000,15000,Fully,-1.0,excellent
490,102,INV223,2019-03-05,2019-03-15,2019-07-15,10000,10000,Fully,122.0,risk
489,102,INV223,2019-03-05,2019-03-15,2019-07-12,20000,10000,Partial,119.0,risk
6,102,INV3,2019-03-06,2019-03-24,,10000,0,not paid,,risk
128,108,INV59,2019-03-06,2019-03-21,2019-03-26,50000,41000,Partial,5.0,good
129,108,INV59,2019-03-06,2019-03-21,2019-03-29,9000,9000,Fully,8.0,low risk
4,102,INV3,2019-03-06,2019-03-24,2019-03-18,25000,5000,Partial,-6.0,excellent
5,102,INV3,2019-03-06,2019-03-24,2019-03-30,20000,10000,Partial,6.0,low risk
215,100,INV101,2019-03-08,2019-03-23,2019-06-25,50000,50000,Fully,94.0,risk
444,102,INV203,2019-03-08,2019-03-08,2019-03-10,60000,60000,Fully,2.0,good
104,106,INV47,2019-03-08,2019-03-23,2019-04-19,75000,75000,Fully,27.0,high risk
442,102,INV203,2019-03-08,2019-03-08,2019-03-08,90000,20000,Partial,0.0,excellent
214,100,INV101,2019-03-08,2019-03-23,2019-03-15,90000,40000,Partial,-8.0,excellent
443,102,INV203,2019-03-08,2019-03-08,2019-03-09,70000,10000,Partial,1.0,good
408,107,INV188,2019-03-12,2019-03-27,2019-03-28,15000,9000,Partial,1.0,good
409,107,INV188,2019-03-12,2019-03-27,2019-03-29,6000,6000,Fully,2.0,good
500,106,INV227,2019-03-13,2019-04-02,2019-05-29,3000,3000,Fully,57.0,risk
464,101,INV212,2019-03-13,2019-04-27,2019-05-18,50000,30000,Partial,21.0,high risk
499,106,INV227,2019-03-13,2019-04-02,2019-05-28,40000,37000,Partial,56.0,risk
465,101,INV212,2019-03-13,2019-04-27,2019-04-19,20000,10000,Partial,-8.0,excellent
466,101,INV212,2019-03-13,2019-04-27,,10000,0,not paid,,risk
273,106,INV127,2019-03-15,2019-03-30,2019-04-01,50000,50000,Fully,2.0,good
271,104,INV125,2019-03-15,2019-04-14,2019-04-11,5000,5000,Fully,-3.0,excellent
270,104,INV125,2019-03-15,2019-04-14,2019-04-11,10000,5000,Partial,-3.0,excellent
268,104,INV125,2019-03-15,2019-04-14,2019-04-11,40000,20000,Partial,-3.0,excellent
269,104,INV125,2019-03-15,2019-04-14,2019-04-11,20000,10000,Partial,-3.0,excellent
193,109,INV90,2019-03-16,2019-03-31,2019-04-29,35000,35000,Fully,29.0,high risk
415,100,INV191,2019-03-18,2019-04-02,2019-04-07,15000,15000,Fully,5.0,good
414,100,INV191,2019-03-18,2019-04-02,,30000,15000,Partial,,risk
332,104,INV155,2019-03-19,2019-04-03,2019-04-01,20000,1000,Partial,-2.0,excellent
333,104,INV155,2019-03-19,2019-04-03,2019-04-10,19000,19000,Fully,7.0,low risk
244,103,INV114,2019-03-20,2019-04-08,2019-04-01,70000,35000,Partial,-7.0,excellent
245,103,INV114,2019-03-20,2019-04-08,2019-04-01,35000,35000,Fully,-7.0,excellent
95,102,INV43,2019-03-22,2019-05-26,2019-05-24,55000,55000,Fully,-2.0,excellent
79,104,INV35,2019-03-22,2019-04-06,2019-04-08,15000,15000,Fully,2.0,good
223,103,INV104,2019-03-25,2019-04-14,2019-04-19,15000,5000,Partial,5.0,good
222,103,INV104,2019-03-25,2019-04-14,2019-04-09,20000,5000,Partial,-5.0,excellent
224,103,INV104,2019-03-25,2019-04-14,2019-05-09,10000,10000,Fully,25.0,high risk
297,109,INV140,2019-03-26,2019-04-10,2019-05-20,30000,5000,Partial,40.0,high risk
232,107,INV108,2019-03-26,2019-04-10,2019-04-30,30000,25000,Partial,20.0,high risk
231,107,INV108,2019-03-26,2019-04-10,2019-04-22,34000,4000,Partial,12.0,low risk
230,107,INV108,2019-03-26,2019-04-10,2019-04-12,40000,6000,Partial,2.0,good
233,107,INV108,2019-03-26,2019-04-10,2019-05-12,5000,5000,Fully,32.0,high risk
300,109,INV140,2019-03-26,2019-04-10,2019-05-20,10000,10000,Fully,40.0,high risk
299,109,INV140,2019-03-26,2019-04-10,2019-05-15,20000,10000,Partial,35.0,high risk
298,109,INV140,2019-03-26,2019-04-10,2019-05-21,25000,5000,Partial,41.0,high risk
89,109,INV40,2019-03-27,2019-05-31,2019-06-29,40000,40000,Fully,29.0,high risk
668,100,INV301,2019-03-28,2019-06-01,,30000,5000,Partial,,risk
669,100,INV301,2019-03-28,2019-06-01,2019-06-20,25000,5000,Partial,19.0,high risk
393,109,INV180,2019-03-28,2019-04-12,2019-05-22,60000,60000,Fully,40.0,high risk
670,100,INV301,2019-03-28,2019-06-01,,2000,0,not paid,,risk
441,101,INV202,2019-03-28,2019-04-08,2019-04-05,85000,85000,Fully,-3.0,excellent
667,100,INV301,2019-03-28,2019-06-01,2019-06-08,50000,20000,Partial,7.0,low risk
666,100,INV301,2019-03-28,2019-06-01,2019-06-03,70000,20000,Partial,2.0,good
486,100,INV221,2019-03-29,2019-04-13,2019-06-15,95000,45000,Partial,63.0,risk
91,100,INV41,2019-03-29,2019-04-13,2019-09-18,40000,20000,Partial,158.0,risk
487,100,INV221,2019-03-29,2019-04-13,2019-06-25,50000,50000,Fully,73.0,risk
92,100,INV41,2019-03-29,2019-04-13,,20000,0,not paid,,risk
90,100,INV41,2019-03-29,2019-04-13,2019-09-10,45000,5000,Partial,150.0,risk
294,107,INV138,2019-03-29,2019-04-14,2019-04-15,20000,16500,Partial,1.0,good
295,107,INV138,2019-03-29,2019-04-14,,3500,0,not paid,,risk
328,102,INV153,2019-03-30,2019-04-14,2019-04-09,95000,95000,Fully,-5.0,excellent
449,105,INV206,2019-03-30,2019-04-14,2019-04-16,20000,12500,Partial,2.0,good
450,105,INV206,2019-03-30,2019-04-14,2019-04-19,7500,7500,Fully,5.0,good
457,108,INV209,2019-03-30,2019-04-14,2019-04-15,35000,26000,Partial,1.0,good
458,108,INV209,2019-03-30,2019-04-14,2019-04-19,9000,9000,fully,5.0,good
108,108,INV49,2019-04-01,2019-04-21,2019-04-30,45000,45000,Fully,9.0,low risk
107,108,INV49,2019-04-01,2019-04-21,2019-04-15,85000,45000,Partial,-6.0,excellent
693,102,INV313,2019-04-02,2019-04-17,2019-04-19,45000,34567,Partial,2.0,good
694,102,INV313,2019-04-02,2019-04-17,2019-04-29,10433,10433,Fully,12.0,low risk
257,109,INV120,2019-04-03,2019-04-18,2019-06-01,15000,5000,Partial,44.0,high risk
259,109,INV120,2019-04-03,2019-04-18,2019-05-29,5000,5000,Fully,41.0,high risk
258,109,INV120,2019-04-03,2019-04-18,2019-05-30,10000,5000,Partial,42.0,high risk
350,102,INV163,2019-04-04,2019-04-08,2019-04-10,60000,40000,Partial,2.0,good
351,102,INV163,2019-04-04,2019-04-08,2019-04-30,20000,20000,Fully,22.0,high risk
645,109,INV290,2019-04-05,2019-04-05,2019-05-31,15000,10500,Partial,56.0,risk
646,109,INV290,2019-04-05,2019-04-05,2019-09-30,4500,4500,Fully,178.0,risk
603,100,INV271,2019-04-08,2019-04-23,,40000,20000,Partial,,risk
604,100,INV271,2019-04-08,2019-04-23,2019-05-24,20000,10000,Partial,31.0,high risk
602,100,INV271,2019-04-08,2019-04-23,2019-04-24,90000,50000,Partial,1.0,good
605,100,INV271,2019-04-08,2019-04-23,2019-06-24,10000,10000,Fully,62.0,risk
187,106,INV87,2019-04-09,2019-04-24,2019-04-27,20000,2000,Fully,3.0,good
504,108,INV229,2019-04-10,2019-05-11,2019-04-23,50000,25000,Partial,-18.0,excellent
505,108,INV229,2019-04-10,2019-05-11,,25000,0,not paid,,risk
400,102,INV183,2019-04-10,2019-05-17,2019-06-03,65000,65000,Fully,17.0,high risk
399,102,INV183,2019-04-10,2019-05-17,2019-05-31,75000,10000,Partial,14.0,low risk
137,103,INV64,2019-04-12,2019-04-27,2019-04-23,75000,75000,Fully,-4.0,excellent
158,103,INV74,2019-04-13,2019-04-28,2019-05-04,30000,30000,Fully,6.0,low risk
157,103,INV74,2019-04-13,2019-04-28,2019-04-30,40000,10000,Partial,2.0,good
368,109,INV170,2019-04-15,2019-04-30,2019-06-15,95000,95000,Fully,46.0,risk
622,108,INV279,2019-04-16,2019-05-06,2019-05-03,30000,30000,Fully,-3.0,excellent
621,108,INV279,2019-04-16,2019-05-06,2019-05-01,45000,15000,Partial,-5.0,excellent
687,108,INV309,2019-04-16,2019-04-26,2019-05-01,25000,18500,Partial,5.0,good
688,108,INV309,2019-04-16,2019-04-26,,6500,0,not paid,,risk
213,109,INV100,2019-04-17,2019-05-02,2019-06-15,60000,60000,Fully,44.0,high risk
212,109,INV100,2019-04-17,2019-05-02,2019-06-13,80000,20000,Partial,42.0,high risk
211,109,INV100,2019-04-17,2019-05-02,2019-04-15,85000,5000,Partial,-17.0,excellent
289,104,INV135,2019-04-17,2019-05-02,2019-05-06,90000,90000,Fully,4.0,good
638,106,INV287,2019-04-18,2019-05-08,2019-05-27,3000,3000,Fully,19.0,high risk
637,106,INV287,2019-04-18,2019-05-08,2019-05-07,85000,82000,Partial,-1.0,excellent
200,102,INV93,2019-04-18,2019-05-03,2019-05-03,25000,25000,Fully,0.0,excellent
199,102,INV93,2019-04-18,2019-05-03,2019-04-30,50000,25000,Partial,-3.0,excellent
475,106,INV217,2019-04-19,2019-05-09,2019-05-09,70000,70000,Fully,0.0,excellent
473,106,INV217,2019-04-19,2019-05-09,2019-05-01,75000,3000,Partial,-8.0,excellent
474,106,INV217,2019-04-19,2019-05-09,2019-05-03,72000,2000,Partial,-6.0,excellent
99,104,INV45,2019-04-20,2019-05-05,2019-05-07,65000,5000,Partial,2.0,good
100,104,INV45,2019-04-20,2019-05-05,2019-05-07,60000,60000,Fully,2.0,good
159,104,INV75,2019-04-20,2019-05-05,2019-05-16,45000,5000,Partial,11.0,low risk
160,104,INV75,2019-04-20,2019-05-05,2019-05-19,40000,20000,Partial,14.0,low risk
161,104,INV75,2019-04-20,2019-05-05,2019-05-23,20000,20000,Fully,18.0,high risk
496,104,INV225,2019-04-21,2019-05-06,2019-05-09,10000,5000,Partial,3.0,good
494,104,INV225,2019-04-21,2019-05-06,2019-05-07,30000,10000,Partial,1.0,good
497,104,INV225,2019-04-21,2019-05-06,,5000,0,not paid,,risk
495,104,INV225,2019-04-21,2019-05-06,2019-05-08,20000,10000,Partial,2.0,good
406,106,INV187,2019-04-22,2019-05-07,2019-07-06,92000,2000,Partial,60.0,risk
407,106,INV187,2019-04-22,2019-05-07,,90000,0,not paid,,risk
404,106,INV187,2019-04-22,2019-05-07,2019-05-06,95000,1000,Partial,-1.0,excellent
405,106,INV187,2019-04-22,2019-05-07,2019-06-06,94000,2000,Partial,30.0,high risk
546,106,INV247,2019-04-24,2019-05-09,2019-07-20,20000,20000,Fully,72.0,risk
101,105,INV46,2019-04-24,2019-05-09,2019-05-10,70000,20000,Partial,1.0,good
103,105,INV46,2019-04-24,2019-05-09,2019-05-17,20000,20000,Fully,8.0,low risk
545,106,INV247,2019-04-24,2019-05-09,2019-07-19,25000,5000,Partial,71.0,risk
544,106,INV247,2019-04-24,2019-05-09,2019-05-14,55000,5000,Partial,5.0,good
102,105,INV46,2019-04-24,2019-05-09,2019-05-16,50000,30000,Partial,7.0,low risk
537,104,INV245,2019-04-25,2019-05-10,2019-05-13,45000,45000,Fully,3.0,good
506,109,INV230,2019-04-29,2019-05-14,2019-05-14,55000,55000,Fully,0.0,excellent
80,105,INV36,2019-05-01,2019-05-01,2019-05-31,20000,15000,Partial,30.0,high risk
81,105,INV36,2019-05-01,2019-05-01,2019-06-30,5000,5000,Fully,60.0,risk
623,109,INV280,2019-05-01,2019-05-21,2019-07-22,50000,50000,Fully,62.0,risk
559,101,INV252,2019-05-01,2019-05-16,2019-07-16,80000,72000,Partial,61.0,risk
560,101,INV252,2019-05-01,2019-05-16,2019-05-17,8000,8000,Fully,1.0,good
419,102,INV193,2019-05-07,2019-05-24,2019-05-16,40000,31500,Partial,-8.0,excellent
76,102,INV33,2019-05-07,2019-05-22,2019-05-25,10000,10000,Fully,3.0,good
75,102,INV33,2019-05-07,2019-05-22,2019-05-22,90000,80000,Partial,0.0,excellent
420,102,INV193,2019-05-07,2019-05-24,2019-05-23,8500,8500,Fully,-1.0,excellent
523,106,INV237,2019-05-08,2019-05-23,2019-05-21,45000,45000,Fully,-2.0,excellent
649,101,INV292,2019-05-08,2019-05-23,2019-05-23,25000,18000,Partial,0.0,excellent
650,101,INV292,2019-05-08,2019-05-23,,7000,0,not paid,,risk
522,106,INV237,2019-05-08,2019-05-23,2019-05-20,90000,45000,Partial,-3.0,excellent
191,108,INV89,2019-05-09,2019-05-24,2019-06-02,20000,10000,Partial,9.0,low risk
190,108,INV89,2019-05-09,2019-05-24,2019-05-28,30000,10000,Partial,4.0,good
192,108,INV89,2019-05-09,2019-05-24,,10000,0,not paid,,risk
684,106,INV307,2019-05-09,2019-05-24,2019-05-31,15000,15000,Fully,7.0,low risk
34,105,INV16,2019-05-10,2019-05-25,2019-05-30,80000,40000,Partial,5.0,good
35,105,INV16,2019-05-10,2019-05-25,2019-06-01,40000,20000,Partial,7.0,low risk
36,105,INV16,2019-05-10,2019-05-25,,20000,0,not paid,,risk
72,101,INV32,2019-05-10,2019-05-25,2019-05-30,85000,10000,Partial,5.0,good
74,101,INV32,2019-05-10,2019-05-25,,5000,0,not paid,,risk
33,105,INV16,2019-05-10,2019-05-25,2019-05-28,90000,10000,Partial,3.0,good
73,101,INV32,2019-05-10,2019-05-25,2019-09-05,75000,70000,Partial,103.0,risk
58,105,INV26,2019-05-11,2019-05-26,2019-05-22,55000,45000,Partial,-4.0,excellent
59,105,INV26,2019-05-11,2019-05-26,2019-05-22,10000,10000,Fully,-4.0,excellent
302,100,INV141,2019-05-13,2019-05-28,2019-05-30,30000,15000,Partial,2.0,good
87,108,INV39,2019-05-13,2019-06-17,2019-06-28,35000,10000,Partial,11.0,low risk
301,100,INV141,2019-05-13,2019-05-28,,35000,0,not paid,,risk
303,100,INV141,2019-05-13,2019-05-28,2019-08-23,15000,15000,Fully,87.0,risk
88,108,INV39,2019-05-13,2019-06-17,2019-06-30,15000,15000,Fully,13.0,low risk
533,100,INV241,2019-05-13,2019-05-28,,25000,25000,Fully,,risk
85,107,INV38,2019-05-14,2019-05-24,2019-05-28,30000,5000,Partial,4.0,good
86,107,INV38,2019-05-14,2019-05-24,2019-05-29,25000,25000,Fully,5.0,good
43,108,INV19,2019-05-16,2019-05-31,2019-06-04,15000,15000,Fully,4.0,good
42,108,INV19,2019-05-16,2019-05-31,2019-05-31,20000,5000,Partial,0.0,excellent
561,102,INV253,2019-05-21,2019-06-05,2019-06-06,85000,20000,Partial,1.0,good
562,102,INV253,2019-05-21,2019-06-05,2019-06-09,65000,5000,Partial,4.0,good
563,102,INV253,2019-05-21,2019-06-05,,60000,0,not paid,,risk
272,105,INV126,2019-05-21,2019-06-05,2019-06-07,45000,40000,Partial,2.0,good
564,102,INV253,2019-05-21,2019-06-05,2019-06-14,30000,30000,Fully,9.0,low risk
613,104,INV275,2019-05-22,2019-06-06,2019-06-05,4500,4500,Fully,-1.0,excellent
612,104,INV275,2019-05-22,2019-06-06,2019-06-04,25000,20500,Partial,-2.0,excellent
249,105,INV116,2019-05-23,2019-05-23,2019-05-28,80000,80000,Fully,5.0,good
498,105,INV226,2019-05-24,2019-06-08,2019-06-03,35000,35000,Fully,-5.0,excellent
524,107,INV238,2019-05-26,2019-06-07,2019-06-07,95000,2000,Partial,0.0,excellent
526,107,INV238,2019-05-26,2019-06-07,2019-06-10,90000,90000,Fully,3.0,good
525,107,INV238,2019-05-26,2019-06-07,2019-06-08,93000,3000,Partial,1.0,good
319,108,INV149,2019-05-28,2019-06-12,2019-06-11,75000,75000,Fully,-1.0,excellent
632,103,INV284,2019-05-30,2019-06-14,2019-06-14,70000,6000,Partial,0.0,excellent
633,103,INV284,2019-05-30,2019-06-14,2019-06-18,64000,64000,Fully,4.0,good
352,103,INV164,2019-05-31,2019-06-15,2019-06-18,65000,1000,Partial,3.0,good
354,103,INV164,2019-05-31,2019-06-15,2019-07-18,24000,24000,Fully,33.0,high risk
353,103,INV164,2019-05-31,2019-06-15,2019-06-28,64000,40000,Partial,13.0,low risk
225,104,INV105,2019-06-02,2019-06-17,2019-06-18,25000,5000,Partial,1.0,good
226,104,INV105,2019-06-02,2019-06-17,2019-07-17,20000,20000,Fully,30.0,high risk
185,105,INV86,2019-06-06,2019-06-21,2019-06-21,15000,6000,Partial,0.0,excellent
589,104,INV265,2019-06-06,2019-09-04,2019-12-03,60000,30000,Partial,90.0,risk
590,104,INV265,2019-06-06,2019-09-04,2019-12-24,30000,30000,Fully,111.0,risk
186,105,INV86,2019-06-06,2019-06-21,2019-06-29,9000,9000,Fully,8.0,low risk
320,109,INV150,2019-06-06,2019-06-08,2019-07-29,80000,80000,Fully,51.0,risk
207,107,INV98,2019-06-07,2019-06-22,2019-06-22,67000,7000,Partial,0.0,excellent
209,107,INV98,2019-06-07,2019-06-22,2019-07-18,30000,30000,Fully,26.0,high risk
208,107,INV98,2019-06-07,2019-06-22,2019-06-24,60000,30000,Partial,2.0,good
206,107,INV98,2019-06-07,2019-06-22,2019-06-18,75000,8000,Partial,-4.0,excellent
140,104,INV65,2019-06-10,2019-06-25,,10000,0,not paid,,risk
139,104,INV65,2019-06-10,2019-06-25,2019-06-29,40000,30000,Partial,4.0,good
138,104,INV65,2019-06-10,2019-06-25,2019-06-24,80000,40000,Partial,-1.0,excellent
606,101,INV272,2019-06-11,2019-07-13,2019-07-15,95000,70000,Partial,2.0,good
607,101,INV272,2019-06-11,2019-07-13,,25000,0,not paid,,risk
480,108,INV219,2019-06-13,2019-06-28,2019-07-01,85000,5000,Partial,3.0,good
134,101,INV62,2019-06-13,2019-06-28,,3000,0,not paid,,risk
168,108,INV79,2019-06-13,2019-06-28,2019-06-24,65000,25000,Partial,-4.0,excellent
655,105,INV296,2019-06-13,2019-06-28,2019-06-28,45000,45000,Fully,0.0,excellent
483,108,INV219,2019-06-13,2019-06-28,2019-07-22,5000,5000,Fully,24.0,high risk
482,108,INV219,2019-06-13,2019-06-28,2019-07-21,75000,70000,Partial,23.0,high risk
481,108,INV219,2019-06-13,2019-06-28,2019-07-09,80000,5000,Partial,11.0,low risk
133,101,INV62,2019-06-13,2019-06-28,2019-06-28,65000,62000,Partial,0.0,excellent
169,108,INV79,2019-06-13,2019-06-28,2019-06-28,45000,45000,Fully,0.0,excellent
611,103,INV274,2019-06-14,2019-06-29,2019-06-27,3000,3000,Fully,-2.0,excellent
610,103,INV274,2019-06-14,2019-06-29,2019-06-26,6000,3000,Partial,-3.0,excellent
609,103,INV274,2019-06-14,2019-06-29,2019-06-25,20000,14000,Partial,-4.0,excellent
116,102,INV53,2019-06-15,2019-06-30,2019-07-06,15000,15000,Fully,6.0,low risk
38,106,INV17,2019-06-15,2019-07-05,2019-08-07,90000,90000,Fully,33.0,high risk
37,106,INV17,2019-06-15,2019-07-05,2019-08-05,95000,5000,Partial,31.0,high risk
115,102,INV53,2019-06-15,2019-06-30,2019-07-02,20000,5000,Partial,2.0,good
671,101,INV302,2019-06-17,2019-07-02,2019-06-27,75000,72000,Partial,-5.0,excellent
672,101,INV302,2019-06-17,2019-07-02,,3000,0,not paid,,risk
653,104,INV295,2019-06-18,2019-07-03,2019-07-08,40000,4000,Partial,5.0,good
654,104,INV295,2019-06-18,2019-07-03,2019-07-18,36000,36000,Fully,15.0,low risk
144,106,INV67,2019-06-19,2019-07-04,2019-08-09,20000,20000,Fully,36.0,high risk
143,106,INV67,2019-06-19,2019-07-04,2019-08-01,90000,70000,Partial,28.0,high risk
112,101,INV52,2019-06-19,2019-07-04,2019-07-03,15000,9500,Partial,-1.0,excellent
113,101,INV52,2019-06-19,2019-07-04,2019-08-07,5500,500,Partial,34.0,high risk
114,101,INV52,2019-06-19,2019-07-04,,5000,0,not paid,,risk
386,106,INV177,2019-06-21,2019-07-06,2019-08-25,10000,10000,Fully,50.0,risk
253,107,INV118,2019-06-21,2019-07-02,2019-07-11,90000,81500,Partial,9.0,low risk
376,102,INV173,2019-06-21,2019-07-06,2019-07-02,25000,2000,Partial,-4.0,excellent
385,106,INV177,2019-06-21,2019-07-06,2019-08-20,40000,30000,Partial,45.0,high risk
384,106,INV177,2019-06-21,2019-07-06,2019-07-05,45000,5000,Partial,-1.0,excellent
378,102,INV173,2019-06-21,2019-07-06,2019-07-20,20000,20000,Fully,14.0,low risk
377,102,INV173,2019-06-21,2019-07-06,2019-07-09,23000,3000,Partial,3.0,good
254,107,INV118,2019-06-21,2019-07-02,2019-07-29,8500,8500,Fully,27.0,high risk
304,101,INV142,2019-06-24,2019-07-09,2019-07-09,40000,40000,Fully,0.0,excellent
452,106,INV207,2019-06-26,2019-07-11,2019-07-11,8000,8000,Fully,0.0,excellent
451,106,INV207,2019-06-26,2019-07-11,2019-07-11,25000,17000,Partial,0.0,excellent
355,104,INV165,2019-06-27,2019-06-27,2019-07-30,70000,60500,Partial,33.0,high risk
315,106,INV147,2019-06-27,2019-07-12,2019-07-15,65000,5000,Partial,3.0,good
356,104,INV165,2019-06-27,2019-06-27,2019-08-30,9500,9500,Fully,64.0,risk
316,106,INV147,2019-06-27,2019-07-12,2019-09-30,60000,60000,Fully,80.0,risk
219,101,INV102,2019-07-01,2019-07-16,,92000,0,not paid,,risk
309,103,INV144,2019-07-01,2019-07-16,2019-08-17,49000,49000,Fully,32.0,high risk
308,103,INV144,2019-07-01,2019-07-16,2019-07-17,50000,1000,Partial,1.0,good
218,101,INV102,2019-07-01,2019-07-16,2019-08-11,93000,1000,Partial,26.0,high risk
217,101,INV102,2019-07-01,2019-07-16,2019-07-18,94000,1000,Partial,2.0,good
216,101,INV102,2019-07-01,2019-07-16,2019-09-11,95000,1000,Partial,57.0,risk
61,106,INV27,2019-07-02,2019-07-17,2019-08-19,40000,20000,Partial,33.0,high risk
62,106,INV27,2019-07-02,2019-07-17,2019-08-20,20000,20000,Fully,34.0,high risk
60,106,INV27,2019-07-02,2019-07-17,2019-08-17,60000,20000,Partial,31.0,high risk
410,108,INV189,2019-07-03,2019-07-18,2019-07-15,20000,10000,Partial,-3.0,excellent
411,108,INV189,2019-07-03,2019-07-18,2019-07-30,10000,5000,Partial,12.0,low risk
676,103,INV304,2019-07-03,2019-07-18,2019-07-18,85000,85000,Fully,0.0,excellent
412,108,INV189,2019-07-03,2019-07-18,2019-08-15,5000,5000,Fully,28.0,high risk
349,101,INV162,2019-07-08,2019-07-23,2019-07-29,50000,50000,Fully,6.0,low risk
348,101,INV162,2019-07-08,2019-07-23,2019-07-26,55000,5000,Partial,3.0,good
167,107,INV78,2019-07-09,2019-07-24,2019-07-29,40000,40000,Fully,5.0,good
165,107,INV78,2019-07-09,2019-07-24,2019-07-22,60000,15000,Partial,-2.0,excellent
166,107,INV78,2019-07-09,2019-07-24,2019-07-24,45000,5000,Partial,0.0,excellent
202,104,INV95,2019-07-10,2019-07-25,2019-07-26,60000,60000,Fully,1.0,good
281,100,INV131,2019-07-11,2019-07-26,2019-08-24,10000,10000,Fully,29.0,high risk
280,100,INV131,2019-07-11,2019-07-26,2019-07-29,20000,10000,Partial,3.0,good
279,100,INV131,2019-07-11,2019-07-26,2019-07-24,70000,50000,Partial,-2.0,excellent
534,101,INV242,2019-07-12,2019-07-23,2019-07-24,30000,27000,Partial,1.0,good
614,105,INV276,2019-07-15,2019-07-30,2019-07-30,30000,10000,Partial,0.0,excellent
615,105,INV276,2019-07-15,2019-07-30,2019-07-15,20000,5000,Partial,-15.0,excellent
616,105,INV276,2019-07-15,2019-07-30,,15000,0,Fully,,risk
305,102,INV143,2019-07-16,2019-07-31,2019-07-31,45000,2000,Partial,0.0,excellent
306,102,INV143,2019-07-16,2019-07-31,2019-08-30,43000,2000,Partial,30.0,high risk
307,102,INV143,2019-07-16,2019-07-31,,41000,0,not paid,,risk
221,102,INV103,2019-07-19,2019-08-18,2019-08-29,13000,13000,Fully,11.0,low risk
227,105,INV106,2019-07-19,2019-08-03,2019-07-30,30000,30000,Fully,-4.0,excellent
220,102,INV103,2019-07-19,2019-08-18,2019-08-16,15000,2000,Partial,-2.0,excellent
132,100,INV61,2019-07-20,2019-08-04,2019-08-08,30000,30000,Fully,4.0,good
131,100,INV61,2019-07-20,2019-08-04,,60000,0,not paid,,risk
530,109,INV240,2019-07-22,2019-08-06,2019-09-17,9500,500,Partial,42.0,high risk
531,109,INV240,2019-07-22,2019-08-06,2019-09-18,9000,3000,Partial,43.0,high risk
532,109,INV240,2019-07-22,2019-08-06,2019-09-19,6000,6000,Fully,44.0,high risk
529,109,INV240,2019-07-22,2019-08-06,2019-09-16,20000,10500,Partial,41.0,high risk
429,106,INV197,2019-07-23,2019-08-26,2019-08-15,15000,15000,Fully,-11.0,excellent
428,106,INV197,2019-07-23,2019-08-26,2019-08-12,30000,15000,Partial,-14.0,excellent
423,103,INV194,2019-07-23,2019-08-07,,20000,0,not paid,,risk
422,103,INV194,2019-07-23,2019-08-07,2019-08-15,40000,20000,Partial,8.0,low risk
421,103,INV194,2019-07-23,2019-08-07,2019-08-12,45000,5000,Partial,5.0,good
427,106,INV197,2019-07-23,2019-08-26,2019-08-07,60000,30000,Partial,-19.0,excellent
364,107,INV168,2019-07-23,2019-08-07,2019-08-16,80000,20000,Partial,9.0,low risk
363,107,INV168,2019-07-23,2019-08-07,2019-08-06,85000,5000,Partial,-1.0,excellent
365,107,INV168,2019-07-23,2019-08-07,2019-08-26,60000,60000,Fully,19.0,high risk
383,105,INV176,2019-07-24,2019-08-08,2019-08-09,7500,7500,Fully,1.0,good
382,105,INV176,2019-07-24,2019-08-08,2019-08-01,40000,32500,Partial,-7.0,excellent
2,101,INV2,2019-07-26,2019-08-08,2019-08-01,20000,10000,Partial,-7.0,excellent
3,101,INV2,2019-07-26,2019-08-08,,10000,0,not paid,,risk
276,108,INV129,2019-07-27,2019-08-11,,10000,0,not paid,,risk
275,108,INV129,2019-07-27,2019-08-11,2019-08-06,60000,50000,Partial,-5.0,excellent
380,103,INV174,2019-07-28,2019-08-12,2019-08-26,15000,15000,Fully,14.0,low risk
379,103,INV174,2019-07-28,2019-08-12,2019-08-07,30000,15000,Partial,-5.0,excellent
579,100,INV261,2019-07-30,2019-08-14,2019-08-14,40000,10000,Partial,0.0,excellent
581,100,INV261,2019-07-30,2019-08-14,2019-08-19,20000,10000,Partial,5.0,good
582,100,INV261,2019-07-30,2019-08-14,2019-08-30,10000,10000,Fully,16.0,high risk
580,100,INV261,2019-07-30,2019-08-14,,30000,0,not paid,,risk
184,104,INV85,2019-08-01,2019-08-11,2019-08-25,45000,45000,Fully,14.0,low risk
183,104,INV85,2019-08-01,2019-08-11,2019-08-18,90000,45000,Partial,7.0,low risk
110,100,INV51,2019-08-01,2019-08-16,2019-08-14,95000,90000,Partial,-2.0,excellent
111,100,INV51,2019-08-01,2019-08-16,2019-08-18,5000,5000,Fully,2.0,good
182,104,INV85,2019-08-01,2019-08-11,2019-08-15,95000,5000,Partial,4.0,good
210,108,INV99,2019-08-03,2019-08-18,2019-08-14,80000,80000,Fully,-4.0,excellent
334,105,INV156,2019-08-07,2019-08-22,2019-08-22,25000,25000,Fully,0.0,excellent
434,109,INV200,2019-08-08,2019-08-23,2019-10-11,70000,10000,Partial,49.0,risk
435,109,INV200,2019-08-08,2019-08-23,2019-10-12,60000,60000,Fully,50.0,risk
433,109,INV200,2019-08-08,2019-08-23,2019-10-10,75000,5000,Partial,48.0,risk
501,107,INV228,2019-08-09,2019-08-24,2019-08-20,45000,5000,Partial,-4.0,excellent
652,103,INV294,2019-08-09,2019-08-24,2019-08-23,35000,35000,Fully,-1.0,excellent
502,107,INV228,2019-08-09,2019-08-24,2019-08-21,20000,20000,Partial,-3.0,excellent
503,107,INV228,2019-08-09,2019-08-24,2019-08-22,20000,20000,Fully,-2.0,excellent
151,100,INV71,2019-08-10,2019-08-25,2019-08-26,25000,25000,Fully,1.0,good
600,108,INV269,2019-08-12,2019-08-27,2019-08-29,9000,9000,Fully,2.0,good
599,108,INV269,2019-08-12,2019-08-27,2019-08-27,80000,71000,Partial,0.0,excellent
625,100,INV281,2019-08-12,2019-08-27,2019-08-25,49000,15000,Partial,-2.0,excellent
624,100,INV281,2019-08-12,2019-08-27,,55000,0,not paid,,risk
239,101,INV112,2019-08-12,2019-08-27,2019-08-28,60000,60000,Fully,1.0,good
626,100,INV281,2019-08-12,2019-08-27,2019-09-22,34000,34000,Fully,26.0,high risk
511,102,INV233,2019-08-14,2019-08-29,2019-09-01,90000,10000,Partial,3.0,good
512,102,INV233,2019-08-14,2019-08-29,2019-09-10,80000,20000,Partial,12.0,low risk
514,102,INV233,2019-08-14,2019-08-29,2019-09-19,50000,50000,Fully,21.0,high risk
510,102,INV233,2019-08-14,2019-08-29,2019-08-30,100000,10000,Partial,1.0,good
513,102,INV233,2019-08-14,2019-08-29,2019-09-06,60000,10000,Partial,8.0,low risk
93,101,INV42,2019-08-16,2019-08-31,2019-09-03,50000,30000,Partial,3.0,good
94,101,INV42,2019-08-16,2019-08-31,,20000,0,not paid,,risk
17,108,INV9,2019-08-17,2019-09-01,2019-09-04,55000,55000,Fully,3.0,good
314,105,INV146,2019-08-21,2019-09-05,2019-10-03,10000,10000,Fully,28.0,high risk
313,105,INV146,2019-08-21,2019-09-05,2019-08-03,20000,10000,Partial,-33.0,excellent
312,105,INV146,2019-08-21,2019-09-05,2019-09-30,40000,20000,Partial,25.0,high risk
311,105,INV146,2019-08-21,2019-09-05,2019-09-03,60000,20000,Partial,-2.0,excellent
661,107,INV298,2019-08-22,2019-10-06,2019-10-20,49000,9000,Partial,14.0,low risk
662,107,INV298,2019-08-22,2019-10-06,2019-10-29,40000,40000,Fully,23.0,high risk
660,107,INV298,2019-08-22,2019-10-06,2019-09-27,55000,6000,Partial,-9.0,excellent
96,103,INV44,2019-08-26,2019-10-30,2019-09-04,60000,10000,Partial,-56.0,excellent
98,103,INV44,2019-08-26,2019-10-30,2019-09-12,25000,25000,Fully,-48.0,excellent
97,103,INV44,2019-08-26,2019-10-30,2019-09-09,50000,25000,Partial,-51.0,excellent
13,106,INV7,2019-08-27,2019-09-11,2019-10-12,45000,40000,Partial,31.0,high risk
203,105,INV96,2019-08-27,2019-09-11,2019-09-09,65000,65000,Fully,-2.0,excellent
547,107,INV248,2019-08-27,2019-09-14,2019-09-19,60000,30000,Partial,5.0,good
548,107,INV248,2019-08-27,2019-09-14,2019-09-21,30000,30000,Fully,7.0,low risk
14,106,INV7,2019-08-27,2019-09-11,2019-10-24,5000,5000,Fully,43.0,high risk
15,107,INV8,2019-08-28,2019-09-12,2019-09-11,50000,25000,Partial,-1.0,excellent
16,107,INV8,2019-08-28,2019-09-12,2019-09-12,25000,25000,Fully,0.0,excellent
246,104,INV115,2019-08-29,2019-09-15,2019-09-16,75000,5000,Partial,1.0,good
247,104,INV115,2019-08-29,2019-09-15,2019-09-16,70000,20000,Partial,1.0,good
248,104,INV115,2019-08-29,2019-09-15,2019-09-16,50000,50000,Fully,1.0,good
171,109,INV80,2019-09-04,2019-09-19,2019-10-19,69000,9000,Partial,30.0,high risk
170,109,INV80,2019-09-04,2019-09-19,2019-11-01,70000,1000,Partial,43.0,high risk
172,109,INV80,2019-09-04,2019-09-19,2019-11-09,60000,60000,Fully,51.0,risk
608,102,INV273,2019-09-04,2019-09-19,2019-09-19,15000,15000,Fully,0.0,excellent
572,107,INV258,2019-09-05,2019-09-20,2019-09-17,25000,25000,Fully,-3.0,excellent
255,108,INV119,2019-09-06,2019-11-20,2019-09-23,95000,5000,Partial,-58.0,excellent
256,108,INV119,2019-09-06,2019-11-20,2019-09-23,90000,90000,Fully,-58.0,excellent
106,107,INV48,2019-09-10,2019-09-25,,40000,0,not paid,,risk
105,107,INV48,2019-09-10,2019-09-25,2019-09-25,80000,40000,Partial,0.0,excellent
45,100,INV21,2019-09-11,2019-09-26,2019-06-24,30000,1000,Partial,-94.0,excellent
360,105,INV166,2019-09-11,2019-11-15,,60000,0,not paid,,risk
359,105,INV166,2019-09-11,2019-11-15,2019-12-18,69000,9000,Partial,33.0,high risk
46,100,INV21,2019-09-11,2019-09-26,2019-11-26,29000,10000,Partial,61.0,risk
47,100,INV21,2019-09-11,2019-09-26,,19000,0,not paid,,risk
358,105,INV166,2019-09-11,2019-11-15,2019-11-28,70000,1000,Partial,13.0,low risk
357,105,INV166,2019-09-11,2019-11-15,2019-11-18,75000,5000,Partial,3.0,good
439,100,INV201,2019-09-12,2019-10-14,2019-11-02,10000,5000,Partial,19.0,high risk
440,100,INV201,2019-09-12,2019-10-14,,5000,0,not paid,,risk
7,103,INV4,2019-09-12,2019-10-02,2019-10-02,30000,30000,Fully,0.0,excellent
437,100,INV201,2019-09-12,2019-10-14,,60000,0,not paid,,risk
438,100,INV201,2019-09-12,2019-10-14,2019-10-23,50000,40000,Partial,9.0,low risk
436,100,INV201,2019-09-12,2019-10-14,2019-10-02,80000,20000,Partial,-12.0,excellent
8,104,INV5,2019-09-13,2019-09-28,2019-09-24,35000,15000,Partial,-4.0,excellent
9,104,INV5,2019-09-13,2019-09-28,2019-09-30,15000,5000,Partial,2.0,good
10,104,INV5,2019-09-13,2019-09-28,2019-10-30,5000,5000,Fully,32.0,high risk
549,108,INV249,2019-09-14,2019-11-18,2019-11-19,65000,65000,Fully,1.0,good
240,102,INV113,2019-09-15,2019-09-30,2019-10-01,65000,5000,Partial,1.0,good
243,102,INV113,2019-09-15,2019-09-30,2019-11-10,20000,20000,Fully,41.0,high risk
241,102,INV113,2019-09-15,2019-09-30,2019-11-01,60000,20000,Partial,32.0,high risk
242,102,INV113,2019-09-15,2019-09-30,2019-11-09,40000,20000,Partial,40.0,high risk
643,108,INV289,2019-09-17,2019-10-02,2019-10-12,5000,1000,Partial,10.0,low risk
641,108,INV289,2019-09-17,2019-10-02,2019-10-05,55000,5000,Partial,3.0,good
642,108,INV289,2019-09-17,2019-10-02,2019-10-09,50000,45000,Partial,7.0,low risk
288,103,INV134,2019-09-17,2019-10-02,2019-10-03,85000,85000,Fully,1.0,good
640,108,INV289,2019-09-17,2019-10-02,2019-10-02,95000,40000,Partial,0.0,excellent
644,108,INV289,2019-09-17,2019-10-02,2019-10-22,4000,4000,Fully,20.0,high risk
702,106,INV317,2019-09-21,2019-10-06,,60433,0,not paid,,risk
136,102,INV63,2019-09-21,2019-10-06,2019-10-09,60000,60000,Fully,3.0,good
135,102,INV63,2019-09-21,2019-10-06,2019-10-03,70000,10000,Partial,-3.0,excellent
701,106,INV317,2019-09-21,2019-10-06,2019-11-07,65000,4567,Partial,32.0,high risk
648,100,INV291,2019-09-23,2019-10-08,,5000,0,not paid,,risk
647,100,INV291,2019-09-23,2019-10-08,2019-10-08,20000,15000,Partial,0.0,excellent
41,107,INV18,2019-09-25,2019-10-10,2019-10-10,3000,3000,Fully,0.0,excellent
40,107,INV18,2019-09-25,2019-10-10,2019-10-09,9000,6000,Partial,-1.0,excellent
39,107,INV18,2019-09-25,2019-10-10,2019-10-07,15000,6000,Partial,-3.0,excellent
394,100,INV181,2019-09-25,2019-10-10,2019-10-10,65000,5000,Partial,0.0,excellent
395,100,INV181,2019-09-25,2019-10-10,2019-10-20,60000,60000,Fully,10.0,low risk
696,103,INV314,2019-09-28,2019-10-13,2019-10-12,25000,5000,Partial,-1.0,excellent
697,103,INV314,2019-09-28,2019-10-13,,20000,0,not paid,,risk
695,103,INV314,2019-09-28,2019-10-13,2019-10-10,50000,25000,Partial,-3.0,excellent
588,103,INV264,2019-09-30,2019-10-15,2019-10-30,25000,25000,Fully,15.0,low risk
587,103,INV264,2019-09-30,2019-10-15,,50000,0,not paid,,risk
586,103,INV264,2019-09-30,2019-10-15,2019-10-15,55000,5000,Partial,0.0,excellent
527,108,INV239,2019-09-30,2019-10-15,2019-10-11,15000,6000,Partial,-4.0,excellent
591,105,INV266,2019-09-30,2019-10-15,2019-10-15,65000,65000,Fully,0.0,excellent
528,108,INV239,2019-09-30,2019-10-15,2019-10-13,9000,9000,Fully,-2.0,excellent
326,101,INV152,2019-10-01,2019-10-16,2019-10-16,90000,87000,Partial,0.0,excellent
327,101,INV152,2019-10-01,2019-10-16,,3000,0,not paid,,risk
636,105,INV286,2019-10-02,2019-10-17,2019-10-29,72500,72500,Fully,12.0,low risk
635,105,INV286,2019-10-02,2019-10-17,2019-10-22,80000,7500,Partial,5.0,good
413,109,INV190,2019-10-03,2019-10-18,2019-11-30,25000,25000,Fully,43.0,high risk
205,106,INV97,2019-10-04,2019-10-19,2019-11-02,69000,69000,Fully,14.0,low risk
204,106,INV97,2019-10-04,2019-10-19,2019-11-21,70000,1000,Partial,33.0,high risk
154,101,INV72,2019-10-06,2019-10-17,2019-10-30,10000,10000,Fully,13.0,low risk
153,101,INV72,2019-10-06,2019-10-17,2019-11-30,20000,10000,Partial,44.0,high risk
152,101,INV72,2019-10-06,2019-10-17,2019-10-28,30000,10000,Partial,11.0,low risk
77,103,INV34,2019-10-08,2019-11-17,2019-11-18,95000,50000,Partial,1.0,good
78,103,INV34,2019-10-08,2019-11-17,,55000,0,not paid,,risk
67,109,INV30,2019-10-15,2019-11-24,2019-12-30,75000,60000,Partial,36.0,high risk
68,109,INV30,2019-10-15,2019-11-24,2019-12-30,15000,15000,Fully,36.0,high risk
577,109,INV260,2019-10-18,2019-10-23,2019-12-24,35000,5000,Partial,62.0,risk
578,109,INV260,2019-10-18,2019-10-23,2019-12-27,30000,30000,Fully,65.0,risk
370,100,INV171,2019-10-19,2019-11-03,2019-12-07,5000,4000,Partial,34.0,high risk
371,100,INV171,2019-10-19,2019-11-03,,1000,0,not paid,,risk
369,100,INV171,2019-10-19,2019-11-03,2019-11-05,15000,10000,Partial,2.0,good
566,103,INV254,2019-10-21,2019-11-05,2019-11-30,45000,45000,Fully,25.0,high risk
565,103,INV254,2019-10-21,2019-11-05,2019-11-05,90000,40000,Partial,0.0,excellent
627,101,INV282,2019-10-21,2019-11-05,2019-10-31,60000,60000,Fully,-5.0,excellent
252,106,INV117,2019-10-22,2019-11-06,2019-12-24,80000,80000,Fully,48.0,risk
250,106,INV117,2019-10-22,2019-11-06,2019-10-24,85000,2000,Partial,-13.0,excellent
251,106,INV117,2019-10-22,2019-11-06,2019-11-24,83000,3000,Partial,18.0,high risk
584,102,INV263,2019-10-23,2019-11-08,2019-11-01,50000,44000,Partial,-7.0,excellent
585,102,INV263,2019-10-23,2019-11-08,2019-11-04,6000,6000,Fully,-4.0,excellent
173,100,INV81,2019-10-25,2019-11-09,,75000,0,not paid,,risk
174,100,INV81,2019-10-25,2019-11-09,2019-11-19,70000,70000,Fully,10.0,low risk
228,106,INV107,2019-10-27,2019-11-11,2019-12-12,35000,32000,Partial,31.0,high risk
229,106,INV107,2019-10-27,2019-11-11,,3000,0,not paid,,risk
261,100,INV121,2019-11-01,2019-11-15,,5000,0,not paid,,risk
454,107,INV208,2019-11-01,2019-11-16,2019-11-29,29000,9000,Partial,13.0,low risk
453,107,INV208,2019-11-01,2019-11-16,2019-11-19,30000,1000,Partial,3.0,good
260,100,INV121,2019-11-01,2019-11-15,2019-12-14,20000,15000,Partial,29.0,high risk
456,107,INV208,2019-11-01,2019-11-16,,15000,0,not paid,,risk
455,107,INV208,2019-11-01,2019-11-16,2019-12-09,20000,5000,Partial,23.0,high risk
366,108,INV169,2019-11-02,2019-11-17,2019-11-13,90000,86000,Partial,-4.0,excellent
367,108,INV169,2019-11-02,2019-11-17,2019-11-17,3000,3000,Fully,0.0,excellent
287,102,INV133,2019-11-04,2019-11-19,2019-11-22,8500,8500,Fully,3.0,good
286,102,INV133,2019-11-04,2019-11-19,2019-11-21,80000,71500,Partial,2.0,good
238,100,INV111,2019-11-05,2019-11-20,2019-11-20,55000,55000,Fully,0.0,excellent
346,109,INV160,2019-11-06,2019-11-21,,43500,0,not paid,,risk
345,109,INV160,2019-11-06,2019-11-21,2019-12-31,44000,500,Partial,40.0,high risk
344,109,INV160,2019-11-06,2019-11-21,2019-12-30,45000,1000,Partial,39.0,high risk
180,103,INV84,2019-11-06,2019-11-24,2019-11-18,90000,45000,Partial,-6.0,excellent
181,103,INV84,2019-11-06,2019-11-24,2019-11-24,45000,45000,Fully,0.0,excellent
63,107,INV28,2019-11-07,2019-11-22,2019-11-21,65000,65000,Fully,-1.0,excellent
468,102,INV213,2019-11-07,2019-11-22,2019-11-28,3500,3500,Fully,6.0,low risk
467,102,INV213,2019-11-07,2019-11-22,2019-11-22,55000,51500,Partial,0.0,excellent
575,108,INV259,2019-11-12,2019-11-27,2019-11-30,20000,10000,Partial,3.0,good
576,108,INV259,2019-11-12,2019-11-27,,10000,0,not paid,,risk
573,108,INV259,2019-11-12,2019-11-27,2019-11-27,30000,4000,Partial,0.0,excellent
574,108,INV259,2019-11-12,2019-11-27,2019-11-29,26000,6000,Partial,2.0,good
310,104,INV145,2019-11-12,2019-11-27,2019-11-26,55000,55000,Fully,-1.0,excellent
520,105,INV236,2019-11-17,2019-12-02,2019-12-09,65000,10000,Partial,7.0,low risk
175,101,INV82,2019-11-17,2019-12-02,,80000,0,not paid,,risk
521,105,INV236,2019-11-17,2019-12-02,,55000,0,not paid,,risk
571,106,INV257,2019-11-17,2019-11-28,2019-12-04,20000,20000,Fully,6.0,low risk
518,105,INV236,2019-11-17,2019-12-02,2019-12-04,85000,10000,Partial,2.0,good
519,105,INV236,2019-11-17,2019-12-02,2019-12-08,75000,10000,Partial,6.0,low risk
55,103,INV24,2019-11-19,2019-12-04,2019-12-30,30000,30000,Fully,26.0,high risk
54,103,INV24,2019-11-19,2019-12-04,2019-12-26,39000,9000,Partial,22.0,high risk
53,103,INV24,2019-11-19,2019-12-04,2019-11-26,45000,6000,Partial,-8.0,excellent
594,106,INV267,2019-11-21,2019-12-06,2019-12-16,10000,10000,Fully,10.0,low risk
593,106,INV267,2019-11-21,2019-12-06,2019-12-09,20000,10000,Partial,3.0,good
592,106,INV267,2019-11-21,2019-12-06,2019-12-06,70000,50000,Partial,0.0,excellent
459,109,INV210,2019-11-21,2019-12-06,2019-12-06,40000,40000,Fully,0.0,excellent
699,104,INV315,2019-11-21,2019-12-06,2019-12-10,10000,10000,Fully,4.0,good
698,104,INV315,2019-11-21,2019-12-06,2019-12-06,55000,45000,Partial,0.0,excellent
176,102,INV83,2019-11-23,2019-12-08,2019-12-04,100000,50000,Partial,-4.0,excellent
177,102,INV83,2019-11-23,2019-12-08,2019-12-08,50000,25000,Partial,0.0,excellent
178,102,INV83,2019-11-23,2019-12-08,2019-12-16,25000,15000,Partial,8.0,low risk
179,102,INV83,2019-11-23,2019-12-08,2019-12-30,10000,10000,Fully,22.0,high risk
44,109,INV20,2019-11-23,2019-12-08,2019-12-10,25000,25000,Fully,2.0,good
337,106,INV157,2019-11-25,2019-12-10,2019-12-20,20000,10000,Partial,10.0,low risk
391,108,INV179,2019-11-25,2019-12-07,2019-12-06,55000,10000,Partial,-1.0,excellent
392,108,INV179,2019-11-25,2019-12-07,2019-12-16,45000,45000,Fully,9.0,low risk
336,106,INV157,2019-11-25,2019-12-10,2019-12-15,27000,7000,Partial,5.0,good
338,106,INV157,2019-11-25,2019-12-10,2019-12-09,10000,10000,Fully,-1.0,excellent
335,106,INV157,2019-11-25,2019-12-10,2019-12-09,30000,3000,Partial,-1.0,excellent
343,108,INV159,2019-11-27,2019-12-12,2019-12-10,39000,39000,Fully,-2.0,excellent
342,108,INV159,2019-11-27,2019-12-12,2019-12-09,40000,1000,Partial,-3.0,excellent
568,104,INV255,2019-11-29,2019-12-14,2019-12-14,25000,25000,Fully,0.0,excellent
567,104,INV255,2019-11-29,2019-12-14,2019-12-13,95000,70000,Partial,-1.0,excellent
375,101,INV172,2019-12-02,2019-12-17,,6000,0,not paid,,risk
374,101,INV172,2019-12-02,2019-12-17,2020-01-09,10000,4000,Partial,23.0,high risk
373,101,INV172,2019-12-02,2019-12-17,2019-12-31,14000,4000,Partial,14.0,low risk
372,101,INV172,2019-12-02,2019-12-17,2019-12-13,20000,6000,Partial,-4.0,excellent
109,109,INV50,2019-12-03,2019-12-18,2019-12-19,90000,90000,Fully,1.0,good
274,107,INV128,2019-12-03,2019-12-21,2019-12-20,55000,5500,Fully,-1.0,excellent
478,107,INV218,2019-12-04,2019-12-19,2019-12-26,70000,4000,Partial,7.0,low risk
477,107,INV218,2019-12-04,2019-12-19,2019-12-25,75000,5000,Partial,6.0,low risk
476,107,INV218,2019-12-04,2019-12-19,2019-12-23,80000,5000,Partial,4.0,good
479,107,INV218,2019-12-04,2019-12-19,,660000,0,not paid,,risk
432,108,INV199,2019-12-08,2019-12-23,2019-12-26,4000,4000,Fully,3.0,good
431,108,INV199,2019-12-08,2019-12-23,2019-12-23,70000,66000,Partial,0.0,excellent
583,101,INV262,2019-12-08,2019-12-23,,45000,0,not paid,,risk
492,103,INV224,2019-12-16,2019-12-31,2020-01-06,9000,4000,Partial,6.0,low risk
493,103,INV224,2019-12-16,2019-12-31,2020-01-01,5000,5000,Fully,1.0,good
491,103,INV224,2019-12-16,2019-12-31,2019-12-31,25000,16000,Partial,0.0,excellent
25,101,INV12,2019-12-17,2019-12-27,,35000,0,not paid,,risk
24,101,INV12,2019-12-17,2019-12-27,2019-12-20,70000,35000,Partial,-7.0,excellent
64,108,INV29,2019-12-19,2020-01-03,2019-12-31,70000,35000,Partial,-3.0,excellent
66,108,INV29,2019-12-19,2020-01-03,,10000,0,not paid,,risk
65,108,INV29,2019-12-19,2020-01-03,2020-01-01,35000,25000,Partial,-2.0,excellent
339,107,INV158,2019-12-21,2020-01-05,2019-12-31,35000,30000,Partial,-5.0,excellent
341,107,INV158,2019-12-21,2020-01-05,2020-01-15,3000,3000,Fully,10.0,low risk
340,107,INV158,2019-12-21,2020-01-05,2020-01-03,5000,2000,Partial,-2.0,excellent
26,102,INV13,2020-01-03,2020-01-18,2020-01-14,75000,75000,Fully,-4.0,excellent
401,103,INV184,2020-01-05,2020-01-20,2020-01-15,80000,80000,Fully,-5.0,excellent
403,105,INV186,2020-01-06,2020-01-24,2020-01-15,90000,90000,Fully,-9.0,excellent
198,101,INV92,2020-01-07,2020-01-22,,3000,0,not paid,,risk
197,101,INV92,2020-01-07,2020-01-22,2020-01-22,45000,42000,Partial,0.0,excellent
569,105,INV256,2020-01-09,2020-01-24,2020-01-27,15000,12500,Partial,3.0,good
570,105,INV256,2020-01-09,2020-01-24,2020-02-27,2500,2500,Fully,34.0,high risk
398,101,INV182,2020-01-09,2020-01-24,,60000,0,not paid,,risk
397,101,INV182,2020-01-09,2020-01-24,2020-01-26,65000,5000,Partial,2.0,good
396,101,INV182,2020-01-09,2020-01-24,2020-01-24,70000,5000,Partial,0.0,excellent
425,105,INV196,2020-01-15,2020-01-30,2020-01-30,55000,52500,Partial,0.0,excellent
426,105,INV196,2020-01-15,2020-01-30,2020-02-01,2500,2500,Fully,2.0,good
685,107,INV308,2020-01-16,2020-01-31,2020-01-28,20000,3678,Partial,-3.0,excellent
686,107,INV308,2020-01-16,2020-01-31,2020-01-30,16322,16322,Fully,-1.0,excellent
293,106,INV137,2020-01-16,2020-01-31,2020-02-03,6000,6000,Fully,3.0,good
292,106,INV137,2020-01-16,2020-01-31,2020-01-31,15000,9000,Partial,0.0,excellent
700,105,INV316,2020-01-18,2020-02-02,2020-01-28,60000,60000,Fully,-5.0,excellent
146,107,INV68,2020-01-20,2020-02-04,2020-02-08,90000,40000,Partial,4.0,good
145,107,INV68,2020-01-20,2020-02-04,2020-01-30,95000,5000,Partial,-5.0,excellent
147,107,INV68,2020-01-20,2020-02-04,2020-02-10,50000,50000,Fully,6.0,low risk
83,106,INV37,2020-01-21,2020-02-05,2020-03-26,24000,4000,Partial,50.0,risk
84,106,INV37,2020-01-21,2020-02-05,2020-03-27,20000,20000,Fully,51.0,risk
82,106,INV37,2020-01-21,2020-02-05,2020-03-25,25000,1000,Partial,49.0,risk
651,102,INV293,2020-01-21,2020-01-21,2020-02-28,30000,30000,Fully,38.0,high risk
445,103,INV204,2020-01-22,2020-02-06,2020-02-06,95000,90000,Partial,0.0,excellent
446,103,INV204,2020-01-22,2020-02-06,2020-02-07,5000,5000,fully,1.0,good
347,100,INV161,2020-01-22,2020-02-11,2020-02-11,50000,50000,Fully,0.0,excellent
331,103,INV154,2020-01-23,2020-02-07,,14000,0,not paid,,risk
329,103,INV154,2020-01-23,2020-02-07,2020-02-11,15000,500,Partial,4.0,good
507,100,INV231,2020-01-23,2020-02-07,2020-02-07,60000,60000,Fully,0.0,excellent
330,103,INV154,2020-01-23,2020-02-07,2020-05-11,14500,500,Partial,94.0,risk
124,106,INV57,2020-01-24,2020-02-08,2020-03-18,20000,20000,Fully,39.0,high risk
123,106,INV57,2020-01-24,2020-02-08,2020-03-10,40000,20000,Partial,31.0,high risk
595,107,INV268,2020-01-26,2020-02-10,2020-02-11,75000,5000,Partial,1.0,good
596,107,INV268,2020-01-26,2020-02-10,2020-02-13,70000,1000,Partial,3.0,good
597,107,INV268,2020-01-26,2020-02-10,2020-02-21,69000,9000,Partial,11.0,low risk
598,107,INV268,2020-01-26,2020-02-10,2020-02-25,60000,0,not paid,15.0,low risk
470,104,INV215,2020-01-28,2020-03-13,2020-03-04,65000,65000,Fully,-9.0,excellent
155,102,INV73,2020-01-29,2020-02-10,2020-02-13,35000,1000,Partial,3.0,good
156,102,INV73,2020-01-29,2020-02-10,,34000,0,not paid,,risk
130,109,INV60,2020-01-29,2020-02-13,2020-03-30,55000,55000,Fully,46.0,risk
690,100,INV311,2020-01-30,2020-02-14,2020-02-14,35000,35000,Fully,0.0,excellent
402,104,INV185,2020-01-31,2020-02-15,2020-02-21,85000,85000,Fully,6.0,low risk
1,100,INV1,2020-02-03,2020-02-13,,2500,0,not paid,,risk
237,109,INV110,2020-02-03,2020-02-17,2020-03-30,30000,30000,Fully,42.0,high risk
236,109,INV110,2020-02-03,2020-02-17,2020-04-01,50000,20000,Partial,44.0,high risk
201,103,INV94,2020-02-03,2020-02-18,2020-02-18,55000,55000,Fully,0.0,excellent
0,100,INV1,2020-02-03,2020-02-13,2020-03-14,15000,12500,Partial,30.0,high risk
677,104,INV305,2020-02-05,2020-02-20,2020-02-18,90000,40000,Partial,-2.0,excellent
679,104,INV305,2020-02-05,2020-02-20,2020-02-28,25000,25000,Fully,8.0,low risk
678,104,INV305,2020-02-05,2020-02-20,2020-02-19,50000,25000,Partial,-1.0,excellent
121,104,INV55,2020-02-06,2020-02-24,,10000,0,not paid,,risk
617,106,INV277,2020-02-06,2020-02-21,2020-08-21,35000,35000,Fully,182.0,risk
119,104,INV55,2020-02-06,2020-02-24,2020-02-14,30000,15000,Partial,-10.0,excellent
120,104,INV55,2020-02-06,2020-02-24,2020-02-14,15000,5000,Partial,-10.0,excellent
540,105,INV246,2020-02-07,2020-02-22,2020-02-26,20000,5000,Partial,4.0,good
541,105,INV246,2020-02-07,2020-02-22,2020-02-28,15000,5000,Partial,6.0,low risk
542,105,INV246,2020-02-07,2020-02-22,2020-03-01,2500,500,Partial,8.0,low risk
543,105,INV246,2020-02-07,2020-02-22,2020-03-09,2000,2000,Fully,16.0,high risk
539,105,INV246,2020-02-07,2020-02-22,,40000,0,not paid,,risk
538,105,INV246,2020-02-07,2020-02-22,2020-02-24,50000,10000,Partial,2.0,good
691,101,INV312,2020-02-11,2020-02-26,2020-07-27,40000,2345,Partial,152.0,risk
692,101,INV312,2020-02-11,2020-02-26,2020-07-29,37655,37655,Fully,154.0,risk
278,109,INV130,2020-02-12,2020-02-27,2020-04-02,60000,60000,Fully,35.0,high risk
196,100,INV91,2020-02-12,2020-04-12,,39000,0,not paid,,risk
194,100,INV91,2020-02-12,2020-04-12,2020-09-14,40000,500,Partial,155.0,risk
195,100,INV91,2020-02-12,2020-04-12,2020-07-19,39500,500,Partial,98.0,risk
277,109,INV130,2020-02-12,2020-02-27,2020-03-02,65000,5000,Partial,4.0,good
424,104,INV195,2020-02-14,2020-02-29,2020-02-25,50000,50000,Fully,-4.0,excellent
601,109,INV270,2020-02-14,2020-02-29,2020-03-02,85000,85000,Fully,2.0,good
162,105,INV76,2020-02-18,2020-03-04,2020-03-04,50000,25000,Partial,0.0,excellent
163,105,INV76,2020-02-18,2020-03-04,2020-03-08,25000,25000,Fully,4.0,good
318,107,INV148,2020-02-22,2020-03-28,2020-04-27,8500,8500,Fully,30.0,high risk
317,107,INV148,2020-02-22,2020-03-28,2020-03-27,70000,61500,Partial,-1.0,excellent
517,104,INV235,2020-02-24,2020-03-15,2020-03-09,80000,80000,Fully,-6.0,excellent
321,100,INV151,2020-02-24,2020-03-10,,85000,0,not paid,,risk
324,100,INV151,2020-02-24,2020-03-10,2020-04-01,79000,1000,Partial,22.0,high risk
323,100,INV151,2020-02-24,2020-03-10,2020-03-29,82000,3000,Partial,19.0,high risk
322,100,INV151,2020-02-24,2020-03-10,2020-03-19,84000,2000,Partial,9.0,low risk
325,100,INV151,2020-02-24,2020-03-10,,78000,0,not paid,,risk
535,102,INV243,2020-02-25,2020-03-11,2020-03-13,35000,31500,Partial,2.0,good
639,107,INV288,2020-02-25,2020-03-11,2020-03-06,90000,90000,Fully,-5.0,excellent
51,102,INV23,2020-02-26,2020-03-12,2020-03-09,40000,2000,Partial,-3.0,excellent
52,102,INV23,2020-02-26,2020-03-12,2020-03-15,38000,38000,Fully,3.0,good
149,109,INV70,2020-02-26,2020-03-12,2020-04-29,20000,5000,Partial,48.0,risk
267,103,INV124,2020-02-26,2020-03-12,2020-03-16,35000,35000,Fully,4.0,good
150,109,INV70,2020-02-26,2020-03-12,2020-04-22,15000,15000,Fully,41.0,high risk
